id,ja_name,scientific_name,family,genus,leaf_persistence,leaf_type,leaf_complexity,leaf_arrangement,leaf_margin,serration,source_note
cycas-revoluta,ソテツ,Cycas revoluta,ソテツ科,Cycas,常緑,広葉樹,羽状複葉,束生,全縁,なし,入力支援候補。公開前に要確認
ginkgo-biloba,イチョウ,Ginkgo biloba,イチョウ科,Ginkgo,落葉,広葉樹,単葉,互生,全縁;鋸歯縁,あり,入力支援候補。公開前に要確認
pinus-densiflora,アカマツ,Pinus densiflora,マツ科,Pinus,常緑,針葉樹,単葉,束生,,,入力支援候補。公開前に要確認
pinus-thunbergii,クロマツ,Pinus thunbergii,マツ科,Pinus,常緑,針葉樹,単葉,束生,,,入力支援候補。公開前に要確認
pinus-parviflora-var-parviflora,ゴヨウマツ,Pinus parviflora var. parviflora,マツ科,Pinus,常緑,針葉樹,単葉,束生,,,入力支援候補。公開前に要確認
pinus-pumila,ハイマツ,Pinus pumila,マツ科,Pinus,,針葉樹,単葉,,,,入力支援候補。公開前に要確認
pinus-palustris,ダイオウマツ,Pinus palustris,マツ科,Pinus,常緑,針葉樹,単葉,束生,,,入力支援候補。公開前に要確認
cedrus-deodara,ヒマラヤスギ,Cedrus deodara,マツ科,Cedrus,,針葉樹,単葉,束生,,,入力支援候補。公開前に要確認
larix-kaempferi,カラマツ,Larix kaempferi,マツ科,Larix,落葉,針葉樹,単葉,束生,,,入力支援候補。公開前に要確認
abies-sachalinensis,トドマツ,Abies sachalinensis,マツ科,Abies,常緑,針葉樹,単葉,,,,入力支援候補。公開前に要確認
abies-veitchii,シラビソ,Abies veitchii,マツ科,Abies,常緑,針葉樹,単葉,,,,入力支援候補。公開前に要確認
abies-mariesii,オオシラビソ,Abies mariesii,マツ科,Abies,常緑,針葉樹,単葉,,,,入力支援候補。公開前に要確認
abies-firma,モミ,Abies firma,マツ科,Abies,,針葉樹,単葉,,,,入力支援候補。公開前に要確認
abies-homolepis,ウラジロモミ,Abies homolepis,マツ科,Abies,常緑,針葉樹,単葉,,,,入力支援候補。公開前に要確認
tsuga-sieboldii,ツガ,Tsuga sieboldii,マツ科,Tsuga,常緑,針葉樹,単葉,,,,入力支援候補。公開前に要確認
tsuga-diversifolia,コメツガ,Tsuga diversifolia,マツ科,Tsuga/Pseudotsuga,常緑,針葉樹,単葉,,,,入力支援候補。公開前に要確認
picea-jezoensis-var-hondoensis,トウヒ,Picea jezoensis var. hondoensis,マツ科,Picea,常緑,針葉樹,単葉,,,,入力支援候補。公開前に要確認
picea-glehnii,アカエゾマツ,Picea glehnii,マツ科,Picea,常緑,針葉樹,単葉,,,,入力支援候補。公開前に要確認
picea-polita,ハリモミ,Picea polita,マツ科,Picea,常緑,針葉樹,単葉,,,,入力支援候補。公開前に要確認
picea-maximowiczii,ヒメバラモミ,Picea maximowiczii,マツ科,Picea,常緑,針葉樹,単葉,,,,入力支援候補。公開前に要確認
picea-abies,ドイツトウヒ,Picea abies,マツ科,Picea,常緑,針葉樹,単葉,,,,入力支援候補。公開前に要確認
nageia-nagi,ナギ,Nageia nagi,マキ科,Nageia,常緑,針葉樹,単葉,,,,入力支援候補。公開前に要確認
podocarpus-macrophyllus-f-angustifolius,イヌマキ,Podocarpus macrophyllus f. angustifolius,マキ科,Podocarpus,常緑,針葉樹,単葉,束生,,,入力支援候補。公開前に要確認
sciadopitys-verticillata,コウヤマキ,Sciadopitys verticillata,コウヤマキ科,Sciadopitys,常緑,針葉樹,単葉,束生,,,入力支援候補。公開前に要確認
chamaecyparis-obtusa,ヒノキ,Chamaecyparis obtusa,ヒノキ科,Chamaecyparis,常緑,針葉樹,単葉,,,,入力支援候補。公開前に要確認
chamaecyparis-obtusa-cv-breviramea,チャボヒバ,Chamaecyparis obtusa cv. breviramea,ヒノキ科,Chamaecyparis,常緑,針葉樹,単葉,,,,入力支援候補。公開前に要確認
chamaecyparis-pisifera,サワラ,Chamaecyparis pisifera,ヒノキ科,Chamaecyparis,常緑,針葉樹,単葉,,,,入力支援候補。公開前に要確認
thuja-standishii,クロベ,Thuja standishii,ヒノキ科,Thuja,常緑,針葉樹,単葉,,,,入力支援候補。公開前に要確認
thuja-occidentalis,ニオイヒバ,Thuja occidentalis,ヒノキ科,Thuja,常緑,針葉樹,単葉,,,,入力支援候補。公開前に要確認
platycladus-orientalis,コノテガシワ,Platycladus orientalis,ヒノキ科,Platycladus,常緑,針葉樹,単葉,,,,入力支援候補。公開前に要確認
thujopsis-dolabrata-var-dolabrata,アスナロ,Thujopsis dolabrata var. dolabrata,ヒノキ科,Thujopsis/Cupressocyparis,常緑,針葉樹,単葉,,,,入力支援候補。公開前に要確認
cupressus-sempervirens,ホソイトスギ,Cupressus sempervirens,ヒノキ科,Cupressus,常緑,針葉樹,単葉,,,,入力支援候補。公開前に要確認
hesperocyparis-macrocarpa,モントレーイトスギ,Hesperocyparis macrocarpa,ヒノキ科,Cupressus/Juniperus,常緑,針葉樹,単葉,,,,入力支援候補。公開前に要確認
juniperus-chinensis-var-chinensis,ビャクシン,Juniperus chinensis var. chinensis,ヒノキ科,Juniperus,常緑,針葉樹,単葉,,,,入力支援候補。公開前に要確認
juniperus-chinensis-cv-kaizuka,カイヅカイブキ,Juniperus chinensis cv. Kaizuka,ヒノキ科,Juniperus,常緑,針葉樹,単葉,,,,入力支援候補。公開前に要確認
juniperus-conferta,ハイネズ,Juniperus conferta,ヒノキ科,Juniperus,常緑,針葉樹,単葉,束生,,,入力支援候補。公開前に要確認
juniperus-squamata,ニイタカビャクシン,Juniperus squamata,ヒノキ科,Juniperus,常緑,針葉樹,単葉,束生,,,入力支援候補。公開前に要確認
juniperus-rigida,ネズミサシ,Juniperus rigida,ヒノキ科,Juniperus,常緑,針葉樹,単葉,束生,,,入力支援候補。公開前に要確認
cryptomeria-japonica,スギ,Cryptomeria japonica,ヒノキ科,Cryptomeria,常緑,針葉樹,単葉,束生,,,入力支援候補。公開前に要確認
metasequoia-glyptostroboides,メタセコイア,Metasequoia glyptostroboides,ヒノキ科,Metasequoia,落葉,針葉樹,単葉,,,,入力支援候補。公開前に要確認
taxodium-distichum,ラクウショウ,Taxodium distichum,ヒノキ科,Taxodium,落葉,針葉樹,単葉,,,,入力支援候補。公開前に要確認
glyptostrobus-pensilis,スイショウ,Glyptostrobus pensilis,イチイ科,Glyptostrobus/Taxaceae,,針葉樹,単葉,束生,,,入力支援候補。公開前に要確認
cephalotaxus-harringtonia-var-harringtonia,イヌガヤ,Cephalotaxus harringtonia var. harringtonia,イチイ科,Cephalotaxus,常緑,針葉樹,単葉,,,,入力支援候補。公開前に要確認
torreya-nucifera,カヤ,Torreya nucifera,イチイ科,Torreya,常緑,針葉樹,単葉,,,,入力支援候補。公開前に要確認
taxus-cuspidata,イチイ,Taxus cuspidata,イチイ科,Taxus,常緑,針葉樹,単葉,,,,入力支援候補。公開前に要確認
schisandra-repanda,マツブサ,Schisandra repanda,マツブサ科,Schisandra,常緑;落葉,広葉樹,単葉,,鋸歯縁,あり,入力支援候補。公開前に要確認
schisandra-chinensis,チョウセンゴミシ,Schisandra chinensis,マツブサ科,Schisandra,落葉,広葉樹,単葉,,鋸歯縁,あり,入力支援候補。公開前に要確認
kadsura-japonica,サネカズラ,Kadsura japonica,マツブサ科,Kadsura,常緑;落葉,広葉樹,単葉,互生,全縁;鋸歯縁,あり,入力支援候補。公開前に要確認
illicium-anisatum,シキミ,Illicium anisatum,マツブサ科,Illicium,常緑,広葉樹,単葉,,,,入力支援候補。公開前に要確認
sarcandra-glabra,センリョウ,Sarcandra glabra,センリョウ科,Sarcandra,常緑,広葉樹,単葉,,鋸歯縁,あり,入力支援候補。公開前に要確認
piper-kadsura,フウトウカズラ,Piper kadsura,コショウ科,Piper,常緑,広葉樹,単葉,,,,入力支援候補。公開前に要確認
aristolochia-kaempferi,オオパウマノスズクサ,Aristolochia kaempferi,ウマノスズクサ科,Aristolochia,落葉,広葉樹,単葉,互生,全縁,なし,入力支援候補。公開前に要確認
magnolia-grandiflora,タイサンボク,Magnolia grandiflora,モクレン科,Magnolia,常緑,広葉樹,単葉,,全縁,なし,入力支援候補。公開前に要確認
magnolia-virginiana,ヒメタイサンボク,Magnolia virginiana,モクレン科,Magnolia,常緑,広葉樹,単葉,互生,全縁,なし,入力支援候補。公開前に要確認
magnolia-compressa,オガタマノキ,Magnolia compressa,モクレン科,Magnolia,常緑,広葉樹,単葉,互生,,,入力支援候補。公開前に要確認
magnolia-kobus,コブシ,Magnolia kobus,モクレン科,Magnolialia,落葉,広葉樹,単葉,互生,,,入力支援候補。公開前に要確認
magnolia-liliiflora,シモクレン,Magnolia liliiflora,モクレン科,Magnolia,落葉,広葉樹,単葉,互生,全縁,なし,入力支援候補。公開前に要確認
magnolia-denudata,ハクモクレン,Magnolia denudata,モクレン科,Magnolia,落葉,広葉樹,単葉,互生,全縁,なし,入力支援候補。公開前に要確認
magnolia-salicifolia,タムシバ,Magnolia salicifolia,モクレン科,Magnolia,落葉,広葉樹,単葉,互生,全縁,なし,入力支援候補。公開前に要確認
magnolia-stellata,シデコブシ,Magnolia stellata,モクレン科,Magnolia,落葉,広葉樹,単葉,互生,,,入力支援候補。公開前に要確認
magnolia-sieboldii-subsp-japonica,オオヤマレンゲ,Magnolia sieboldii subsp. japonica,モクレン科,Magnolia,落葉,広葉樹,単葉,互生,全縁,なし,入力支援候補。公開前に要確認
magnolia-obovata,ホオノキ,Magnolia obovata,モクレン科,Magnolia,落葉,広葉樹,単葉,互生,,,入力支援候補。公開前に要確認
liriodendron-tulipiferum,ユリノキ,Liriodendron tulipiferum,モクレン科,Liriodendron,落葉,広葉樹,単葉,互生,全縁,なし,入力支援候補。公開前に要確認
asimina-triloba,ポポー,Asimina triloba,バンレイシ科,Asimina,落葉,広葉樹,単葉,,,,入力支援候補。公開前に要確認
chimonanthus-praecox,ロウバイ,Chimonanthus praecox,ロウバイ科,Chimonanthus,落葉,広葉樹,単葉,対生,全縁,なし,入力支援候補。公開前に要確認
neolitsea-sericea,シロダモ,Neolitsea sericea,クスノキ科,Neolitsea,常緑,広葉樹,単葉,,全縁,なし,入力支援候補。公開前に要確認
neolitsea-aciculata,イヌガシ,Neolitsea aciculata,クスノキ科,Neolitsea,常緑,広葉樹,単葉,,,,入力支援候補。公開前に要確認
cinnamomum-yabunikkei,ヤブニッケイ,Cinnamomum yabunikkei,クスノキ科,Cinnamomum,常緑,広葉樹,単葉,互生;対生,全縁,なし,入力支援候補。公開前に要確認
cinnamomum-sieboldii,ニッケイ,Cinnamomum sieboldii,クスノキ科,Cinnamomum,常緑,広葉樹,単葉,互生;対生,全縁,なし,入力支援候補。公開前に要確認
cinnamomum-camphora,クスノキ,Cinnamomum camphora,クスノキ科,Cinnamomum,常緑,広葉樹,単葉,互生,全縁,なし,入力支援候補。公開前に要確認
machilus-thunbergii,タブノキ,Machilus thunbergii,クスノキ科,Machilus,常緑,広葉樹,単葉,,,,入力支援候補。公開前に要確認
machilus-japonica,ホンパタブ,???????????Machilus japonica,クスノキ科,Machilus,常緑,広葉樹,単葉,互生,全縁,なし,入力支援候補。公開前に要確認
actinodaphne-acuminata,バリバリノキ,Actinodaphne acuminata,クスノキ科,Actinodaphne,常緑,広葉樹,単葉,互生,,,入力支援候補。公開前に要確認
persea-americana,アボカド,Persea americana,クスノキ科,Persea/Laurus,常緑,広葉樹,単葉,互生,全縁,なし,入力支援候補。公開前に要確認
litsea-coreana,カゴノキ,Litsea coreana,クスノキ科,Litsea,常緑,広葉樹,単葉,,,,入力支援候補。公開前に要確認
litsea-japonica,ハマビワ,Litsea japonica,クスノキ科,Litsea,常緑;落葉,広葉樹,単葉,,全縁,なし,入力支援候補。公開前に要確認
lindera-erythrocarpa,カナクギノキ,Lindera erythrocarpa,クスノキ科,Lindera,常緑;落葉,広葉樹,単葉,互生,,,入力支援候補。公開前に要確認
lindera-umbellata,クロモジ,Lindera umbellata,クスノキ科,Lindera,落葉,広葉樹,単葉,,全縁,なし,入力支援候補。公開前に要確認
lindera-sericea,ケクロモジ,Lindera sericea,クスノキ科,Lindera,落葉,広葉樹,単葉,互生,,,入力支援候補。公開前に要確認
lindera-praecox,アブラチャン,Lindera praecox,クスノキ科,Lindera,落葉,広葉樹,単葉,互生,,,入力支援候補。公開前に要確認
lindera-glauca,ヤマコウバシ,Lindera glauca,クスノキ科,Lindera,落葉,広葉樹,単葉,,,,入力支援候補。公開前に要確認
lindera-obtusiloba,ダンコウバイ,Lindera obtusiloba,クスノキ科,Lindera,落葉,広葉樹,単葉,互生,,,入力支援候補。公開前に要確認
lindera-triloba,シロモジ,Lindera triloba,クスノキ科,Lindera,落葉,広葉樹,単葉,,全縁,なし,入力支援候補。公開前に要確認
smilax-china,サルトリイバラ,Smilax china,サルトリイバラ科,Smilax,常緑;落葉,広葉樹,単葉,互生,全縁,なし,入力支援候補。公開前に要確認
smilax-stans,マルバサンキライ,Smilax stans,サルトリイバラ科,Smilax,落葉,広葉樹,単葉,互生,,,入力支援候補。公開前に要確認
smilax-sieboldii,ヤマカシュウ,Smilax sieboldii,サルトリイバラ科,Smilax/Asparagaceae,常緑;落葉,広葉樹,単葉,互生,鋸歯縁,あり,入力支援候補。公開前に要確認
yucca-gloriosa-var-recurvifolia,キミガヨラン,Yucca gloriosa var. recurvifolia,クサスギカズラ科,Cordyline,常緑,広葉樹,単葉,,,,入力支援候補。公開前に要確認
trachycarpus-fortunei,シュロ,Trachycarpus fortunei,ヤシ科,Trachycarpus,常緑,広葉樹,単葉,,全縁,なし,入力支援候補。公開前に要確認
rhapis-excelsa,カンノンチク,Rhapis excelsa,ヤシ科,Washingtonia,常緑,広葉樹,単葉,,全縁,なし,入力支援候補。公開前に要確認
phoenix-canariensis,カナリーヤシ,Phoenix canariensis,ヤシ科,Phoenix/Butia,常緑,広葉樹,羽状複葉,,全縁,なし,入力支援候補。公開前に要確認
phyllostachys-reticulata,マダケ,Phyllostachys reticulata,イネ科,Phyllostachys,常緑,広葉樹,単葉,,全縁,なし,入力支援候補。公開前に要確認
euptelea-polyandra,フサザクラ,Euptelea polyandra,フサザクラ科,Euptelea,落葉,広葉樹,単葉,互生,,,入力支援候補。公開前に要確認
stauntonia-hexaphylla,ムベ,Stauntonia hexaphylla,アケビ科,Stauntonia,常緑,広葉樹,単葉,,全縁,なし,入力支援候補。公開前に要確認
akebia-quinata,アケビ,Akebia quinata,アケビ科,Akebia,常緑;落葉,広葉樹,単葉,互生,全縁,なし,入力支援候補。公開前に要確認
akebia-trifoliata,ミツパアケビ,Akebia trifoliata,アケビ科,Akebia,落葉,広葉樹,三出複葉,,鋸歯縁,あり,入力支援候補。公開前に要確認
sinomenium-acutum,ツヅラフジ,Sinomenium acutum,ツヅラフジ科,Sinomenium,落葉,広葉樹,単葉,互生,全縁,なし,入力支援候補。公開前に要確認
menispermum-dauricum,コウモリカズラ,Menispermum dauricum,ツヅラフジ科,Menispermum/Cocculus,落葉,広葉樹,単葉,互生,,,入力支援候補。公開前に要確認
cocculus-laurifolius,イソヤマアオキ,Cocculus laurifolius,ツヅラフジ科,Cocculus/Stephania,常緑;落葉,広葉樹,単葉,互生,全縁,なし,入力支援候補。公開前に要確認
nandina-domestica,ナンテン,Nandina domestica,メギ科,Nandina,常緑,広葉樹,羽状複葉,,,,入力支援候補。公開前に要確認
berberis-japonica,ヒイラギナンテン,Berberis japonica,メギ科,Berberis,常緑,広葉樹,羽状複葉,互生,鋸歯縁,あり,入力支援候補。公開前に要確認
berberis-fortunei,ホソバヒイラギナンテン,Berberis fortunei,メギ科,Berberis,常緑,広葉樹,羽状複葉,互生,鋸歯縁,あり,入力支援候補。公開前に要確認
berberis-thunbergii,メギ,Berberis thunbergii,メギ科,Berberis,落葉,広葉樹,単葉,,全縁,なし,入力支援候補。公開前に要確認
berberis-sieboldii,ヘビノボラズ,Berberis sieboldii,メギ科,Berberis,落葉,広葉樹,単葉,,,,入力支援候補。公開前に要確認
clematis-apiifolia,ボタンヅル,Clematis apiifolia,キンポウゲ科,Clematis,落葉,広葉樹,三出複葉,対生,鋸歯縁,あり,入力支援候補。公開前に要確認
clematis-japonica,ハンショウヅル,Clematis japonica,キンポウゲ科,Clematis,落葉,広葉樹,三出複葉,対生,鋸歯縁,あり,入力支援候補。公開前に要確認
clematis-williamsii,シロバナハンショウヅル,Clematis williamsii,キンポウゲ科,Clematis,落葉,広葉樹,三出複葉,,鋸歯縁,あり,入力支援候補。公開前に要確認
clematis-alpina-subsp-ochotensis-var-fusijamana,ミヤマハンショウヅル,Clematis alpina subsp. ochotensis var. fusijamana,キンポウゲ科,Clematis,常緑;落葉,広葉樹,三出複葉,対生,,,入力支援候補。公開前に要確認
clematis-terniflora,センニンソウ,Clematis terniflora,キンポウゲ科,Clematis,常緑,広葉樹,羽状複葉,対生,全縁,なし,入力支援候補。公開前に要確認
meliosma-rigida,ヤマビワ,Meliosma rigida,アワブキ科,Meliosma,常緑,広葉樹,単葉,,鋸歯縁,あり,入力支援候補。公開前に要確認
meliosma-myriantha,アワブキ,Meliosma myriantha,アワブキ科,Meliosma,落葉,広葉樹,単葉,互生,,,入力支援候補。公開前に要確認
meliosma-tenuis,ミヤマハハソ,Meliosma tenuis,アワブキ科,Sabia,落葉,広葉樹,単葉,互生,鋸歯縁,あり,入力支援候補。公開前に要確認
platanus-occidentalis,アメリカスズカケノキ,Platanus occidentalis,スズカケノキ科,Platanus,落葉,広葉樹,単葉,,鋸歯縁,あり,入力支援候補。公開前に要確認
helicia-cochinchinensis,ヤマモガシ,Helicia cochinchinensis,ヤマモガシ科,Helicia,常緑,広葉樹,単葉,,鋸歯縁,あり,入力支援候補。公開前に要確認
trochodendron-aralioides,ヤマグルマ,Trochodendron aralioides,ヤマグルマ科,Trochodendron,常緑,広葉樹,単葉,,,,入力支援候補。公開前に要確認
pachysandra-terminalis,フッキソウ,Pachysandra terminalis,ツゲ科,Pachysandra/Sarcococca,常緑,広葉樹,単葉,互生,,,入力支援候補。公開前に要確認
buxus-microphylla-var-japonica,ツゲ,Buxus microphylla var. japonica,ツゲ科,Buxuxus,常緑,広葉樹,単葉,対生,,,入力支援候補。公開前に要確認
liquidambar-formosana,フウ,Liquidambar formosana,フウ科,Liquidambar,落葉,広葉樹,単葉,互生,鋸歯縁,あり,入力支援候補。公開前に要確認
liquidambar-styraciflua,モミジパフウ,Liquidambar styraciflua,フウ科,Liquidambar,落葉,広葉樹,単葉,,,,入力支援候補。公開前に要確認
loropetalum-chinense,トキワマンサク,Loropetalum chinense,マンサク科,Loropetalum,常緑,広葉樹,単葉,互生,全縁,なし,入力支援候補。公開前に要確認
distylium-racemosum,イスノキ,Distylium racemosum,マンサク科,Distylium,常緑,広葉樹,単葉,,鋸歯縁,あり,入力支援候補。公開前に要確認
disanthus-cercidifolius,マルバノキ,Disanthus cercidifolius,マンサク科,Disanthus,落葉,広葉樹,単葉,,全縁,なし,入力支援候補。公開前に要確認
hamamelis-japonica,マンサク,Hamamelis japonica,マンサク科,Hamamelis,落葉,広葉樹,単葉,互生,波状;鋸歯縁,あり,入力支援候補。公開前に要確認
hamamelis-mollis,シナマンサク,Hamamelis mollis,マンサク科,Hamamelis,落葉,広葉樹,単葉,互生,,,入力支援候補。公開前に要確認
corylopsis-spicata,トサミズキ,Corylopsis spicata,マンサク科,Corylopsis,落葉,広葉樹,単葉,互生,鋸歯縁,あり,入力支援候補。公開前に要確認
corylopsis-gotoana,コウヤミズキ,Corylopsis gotoana,マンサク科,Corylopsis,落葉,広葉樹,単葉,互生,鋸歯縁,あり,入力支援候補。公開前に要確認
cercidiphyllum-japonicum,カツラ,Cercidiphyllum japonicum,カツラ科,Cercidiphyllum,落葉,広葉樹,単葉,,,,入力支援候補。公開前に要確認
cercidiphyllum-magnificum,ヒロハカツラ,Cercidiphyllum magnificum,カツラ科,Cercidiphyllum,落葉,広葉樹,単葉,,,,入力支援候補。公開前に要確認
daphniphyllum-macropodum-subsp-macropodum,ユズリハ,Daphniphyllum macropodum subsp. macropodum,ユズリハ科,Daphniphyllum,常緑,広葉樹,単葉,互生,全縁,なし,入力支援候補。公開前に要確認
daphniphyllum-teijsmannii,ヒメユズリハ,Daphniphyllum teijsmannii,ユズリハ科,Daphniphyllum,常緑,広葉樹,単葉,,,,入力支援候補。公開前に要確認
itea-japonica,ズイナ,Itea japonica,ズイナ科,Itea,落葉,広葉樹,単葉,,鋸歯縁,あり,入力支援候補。公開前に要確認
ribes-japonicum,コマガタケスグリ,Ribes japonicum,スグリ科,Ribes,落葉,広葉樹,単葉,,鋸歯縁,あり,入力支援候補。公開前に要確認
ribes-latifolium,エゾスグリ,Ribes latifolium,スグリ科,Ribes,落葉,広葉樹,単葉,互生,,,入力支援候補。公開前に要確認
ribes-fasciculatum,ヤブサンザシ,Ribes fasciculatum,スグリ科,Ribes,落葉,広葉樹,単葉,,鋸歯縁,あり,入力支援候補。公開前に要確認
ribes-maximowiczianum,ザリコミ,Ribes maximowiczianum,スグリ科,Ribes,落葉,広葉樹,単葉,互生,,,入力支援候補。公開前に要確認
ribes-rubrum,フサスグリ,Ribes rubrum,スグリ科,Ribes,落葉,広葉樹,単葉,,,,入力支援候補。公開前に要確認
nekemias-cantoniensis,ウドカズラ,Nekemias cantoniensis,ブドウ科,Ampelopsis,落葉,広葉樹,羽状複葉,互生,鋸歯縁,あり,入力支援候補。公開前に要確認
ampelopsis-glandulosa-var-heterophylla,ノブドウ,Ampelopsis glandulosa var. heterophylla,ブドウ科,Ampelopsis,落葉,広葉樹,単葉,互生,鋸歯縁,あり,入力支援候補。公開前に要確認
parthenocissus-tricuspidata,ツタ,Parthenocissus tricuspidata,ブドウ科,Parthenocissus,落葉,広葉樹,単葉,互生,鋸歯縁,あり,入力支援候補。公開前に要確認
vitis-ficifolia,エビヅル,Vitis ficifolia,ブドウ科,Vitis,落葉,広葉樹,単葉,互生,鋸歯縁,あり,入力支援候補。公開前に要確認
vitis-coignetiae,ヤマブドウ,Vitis coignetiae,ブドウ科,Vitis,落葉,広葉樹,単葉,互生,鋸歯縁,あり,入力支援候補。公開前に要確認
vitis-vinifera,ブドウ,Vitis vinifera,ブドウ科,Vitis,落葉,広葉樹,単葉,,鋸歯縁,あり,入力支援候補。公開前に要確認
vitis-flexuosa,サンカクヅル,Vitis flexuosa,ブドウ科,Vitis,落葉,広葉樹,単葉,互生,鋸歯縁,あり,入力支援候補。公開前に要確認
vitis-saccharifera,アマヅル,Vitis saccharifera,ブドウ科,Vitis,落葉,広葉樹,単葉,互生,,,入力支援候補。公開前に要確認
platyosprion-platycarpum,フジキ,Platyosprion platycarpum,マメ科,Cladrastis,落葉,広葉樹,羽状複葉,互生,全縁,なし,入力支援候補。公開前に要確認
cladrastis-shikokiana,ユクノキ,Cladrastis shikokiana,マメ科,Cladrastis,落葉,広葉樹,羽状複葉,,,,入力支援候補。公開前に要確認
styphnolobium-japonicum,エンジユ,Styphnolobium japonicum,マメ科,Styphnolobium,落葉,広葉樹,羽状複葉,互生,,,入力支援候補。公開前に要確認
robinia-pseudoacacia,ハリエンジユ,Robinia pseudoacacia,マメ科,Robinia,落葉,広葉樹,羽状複葉,,,,入力支援候補。公開前に要確認
maackia-amurensis,イヌエンジユ,Maackia amurensis,マメ科,Maackia,落葉,広葉樹,羽状複葉,,,,入力支援候補。公開前に要確認
maackia-tashiroi,シマエンジユ,Maackia tashiroi,マメ科,Maackia,落葉,広葉樹,羽状複葉,,,,入力支援候補。公開前に要確認
amorpha-fruticosa,イタチハギ,Amorpha fruticosa,マメ科,Amorpha,落葉,広葉樹,羽状複葉,互生,全縁,なし,入力支援候補。公開前に要確認
indigofera-bungeana,トウコマツナギ,Indigofera bungeana,マメ科,Indigofera,落葉,広葉樹,羽状複葉,,,,入力支援候補。公開前に要確認
indigofera-decora,ニワフジ,Indigofera decora,マメ科,Indigofera/Caragana,落葉,広葉樹,羽状複葉,,全縁,なし,入力支援候補。公開前に要確認
wisteriopsis-reticulata,ムラサキナツフジ,Wisteriopsis reticulata,マメ科,Callerya/Wisteria,常緑;落葉,広葉樹,羽状複葉,,全縁,なし,入力支援候補。公開前に要確認
wisteria-floribunda,フジ,Wisteria floribunda,マメ科,Wisteria,落葉,広葉樹,羽状複葉,互生,全縁,なし,入力支援候補。公開前に要確認
wisteria-brachybotrys,ヤマフジ,Wisteria brachybotrys,マメ科,Wisteria,落葉,広葉樹,羽状複葉,互生,,,入力支援候補。公開前に要確認
gleditsia-japonica,サイカチ,Gleditsia japonica,マメ科,Gleditsia,落葉,広葉樹,羽状複葉,互生,鋸歯縁,あり,入力支援候補。公開前に要確認
biancaea-decapetala,ジャケツイバラ,Biancaea decapetala,マメ科,Caesalpinia,落葉,広葉樹,羽状複葉,互生,,,入力支援候補。公開前に要確認
albizia-julibrissin,ネムノキ,Albizia julibrissin,マメ科,Albizia,落葉,広葉樹,羽状複葉,,全縁,なし,入力支援候補。公開前に要確認
acacia-dealbata,フサアカシア,Acacia dealbata,マメ科,Acacia,常緑,広葉樹,羽状複葉,,,,入力支援候補。公開前に要確認
acacia-baileyana,ギンヨウアカシア,Acacia baileyana,マメ科,Acacia,常緑,広葉樹,羽状複葉;単葉,,全縁,なし,入力支援候補。公開前に要確認
pueraria-lobata-subsp-lobata,クズ,Pueraria lobata subsp. lobata,マメ科,Pueraria,落葉,広葉樹,三出複葉,互生,全縁,なし,入力支援候補。公開前に要確認
laburnum-anagyroides,キングサリ,Laburnum anagyroides,マメ科,Laburnum/Euchresta,常緑;落葉,広葉樹,三出複葉,,,,入力支援候補。公開前に要確認
ohwia-caudata,ミソナオシ,Ohwia caudata,マメ科,Ohwia/Cytisus,常緑;落葉,広葉樹,三出複葉,,全縁,なし,入力支援候補。公開前に要確認
lespedeza-bicolor,ヤマハギ,Lespedeza bicolor,マメ科,Lespedeza,落葉,広葉樹,三出複葉,,全縁,なし,入力支援候補。公開前に要確認
lespedeza-thunbergii-subsp-thunbergii-f-thunbergii,ミヤギノハギ,Lespedeza thunbergii subsp. thunbergii f. thunbergii,マメ科,Lespeza,落葉,広葉樹,三出複葉,,全縁,なし,入力支援候補。公開前に要確認
cercis-chinensis,ハナズオウ,Cercis chinensis,マメ科,Cercis,落葉,広葉樹,単葉,互生,全縁,なし,入力支援候補。公開前に要確認
phanera-japonica,ハカマカズラ,Phanera japonica,マメ科,Phanera/Rosaceae,常緑;落葉,広葉樹,単葉,,全縁;鋸歯縁,あり,入力支援候補。公開前に要確認
cerasus-yedoensis,ソメイヨシノ,Cerasus yedoensis,バラ科,Cerasus,落葉,広葉樹,単葉,互生,,,入力支援候補。公開前に要確認
cerasus-jamasakura,ヤマザクラ,Cerasus jamasakura,バラ科,Cerasus,落葉,広葉樹,単葉,,,,入力支援候補。公開前に要確認
cerasus-leveilleana,カスミザクラ,Cerasus leveilleana,バラ科,Cerasus,落葉,広葉樹,単葉,互生,鋸歯縁,あり,入力支援候補。公開前に要確認
cerasus-sargentii-var-sargentii,オオヤマザクラ,Cerasus sargentii var. sargentii,バラ科,Cerasus,落葉,広葉樹,単葉,,鋸歯縁,あり,入力支援候補。公開前に要確認
cerasus-speciosa,オオシマザクラ,Cerasus speciosa,バラ科,Cerasus,落葉,広葉樹,単葉,互生,鋸歯縁,あり,入力支援候補。公開前に要確認
cerasus-sato-zakura-group,サトザクラ,Cerasus Sato-zakura Group,バラ科,Cerasus,落葉,広葉樹,単葉,互生,鋸歯縁,あり,入力支援候補。公開前に要確認
cerasus-canpanulata,カンヒザクラ,Cerasus canpanulata,バラ科,Cerasus,落葉,広葉樹,単葉,互生,,,入力支援候補。公開前に要確認
cerasus-pseudocerasus,シナミザクラ,Cerasus pseudocerasus,バラ科,Cerasus,,広葉樹,単葉,,鋸歯縁,あり,入力支援候補。公開前に要確認
cerasus-itosakura-var-itosakura-f-ascendens,エドヒガン,Cerasus itosakura var. itosakura f. ascendens,バラ科,Cerasus,落葉,広葉樹,単葉,互生,鋸歯縁,あり,入力支援候補。公開前に要確認
cerasus-incisa-var-incisa,マメザクラ,Cerasus incisa var. incisa,バラ科,Cerasus,落葉,広葉樹,単葉,,鋸歯縁,あり,入力支援候補。公開前に要確認
cerasus-subhirtella,コヒガンザクラ,Cerasus subhirtella,バラ科,Cerasus,落葉,広葉樹,単葉,,,,入力支援候補。公開前に要確認
cerasus-nipponica-var-nipponica,タカネザクラ,Cerasus nipponica var. nipponica,バラ科,Cerasus,落葉,広葉樹,単葉,互生,鋸歯縁,あり,入力支援候補。公開前に要確認
cerasus-cerasoides,ヒマラヤザクラ,Cerasus cerasoides,バラ科,Cerasus/Padus,落葉,広葉樹,単葉,互生,,,入力支援候補。公開前に要確認
padus-buergeriana,イヌザクラ,Padus buergeriana,バラ科,Padus,落葉,広葉樹,単葉,,鋸歯縁,あり,入力支援候補。公開前に要確認
padus-grayana,ウワミズザクラ,Padus grayana,バラ科,Padus,落葉,広葉樹,単葉,互生,,,入力支援候補。公開前に要確認
padus-avium,エゾノウワミズザクラ,Padus avium,バラ科,Padus,落葉,広葉樹,単葉,,鋸歯縁,あり,入力支援候補。公開前に要確認
laurocerasus-zippeliana,バクチノキ,Laurocerasus zippeliana,バラ科,Laurocerasus,常緑,広葉樹,単葉,,,,入力支援候補。公開前に要確認
laurocerasus-officinalis,セイヨウバクチノキ,Laurocerasus officinalis,バラ科,Laurocerasus,常緑,広葉樹,単葉,互生,全縁;鋸歯縁,あり,入力支援候補。公開前に要確認
prunus-persica,モモ,Prunus persica,バラ科,Prunus,落葉,広葉樹,単葉,互生,,,入力支援候補。公開前に要確認
prunus-tomentosa,ユスラウメ,Prunus tomentosa,バラ科,Prunus,落葉,広葉樹,単葉,互生,鋸歯縁,あり,入力支援候補。公開前に要確認
prunus-mume,ウメ,Prunus mume,バラ科,Prunus,落葉,広葉樹,単葉,,,,入力支援候補。公開前に要確認
prunus-armeniaca,アンズ,Prunus armeniaca,バラ科,Prunus,落葉,広葉樹,単葉,,鋸歯縁,あり,入力支援候補。公開前に要確認
prunus-salicina,スモモ,Prunus salicina,バラ科,Prunus,落葉,広葉樹,単葉,,鋸歯縁,あり,入力支援候補。公開前に要確認
amelanchier-asiatica,ザイフリボク,Amelanchier asiatica,バラ科,Amelanchier,落葉,広葉樹,単葉,互生,鋸歯縁,あり,入力支援候補。公開前に要確認
pourthiaea-villosa,カマツカ,Pourthiaea villosa,バラ科,Pourthiaea,落葉,広葉樹,単葉,互生,鋸歯縁,あり,入力支援候補。公開前に要確認
kerria-japonica,ヤマブキ,Kerria japonica,バラ科,Kerria,落葉,広葉樹,単葉,互生,,,入力支援候補。公開前に要確認
rhodotypos-scandens,シロヤマブキ,Rhodotypos scandens,バラ科,Rhodotypos,落葉,広葉樹,単葉,対生,鋸歯縁,あり,入力支援候補。公開前に要確認
aria-alnifolia,アズキナシ,Aria alnifolia,バラ科,Aria,落葉,広葉樹,単葉,互生,鋸歯縁,あり,入力支援候補。公開前に要確認
aria-japonica,ウラジロノキ,Aria japonica,バラ科,Aria,落葉,広葉樹,単葉,束生,,,入力支援候補。公開前に要確認
malus-toringo,ズミ,Malus toringo,バラ科,Malus,落葉,広葉樹,単葉,互生,鋸歯縁,あり,入力支援候補。公開前に要確認
malus-baccata-var-mandshurica,エゾノコリンゴ,Malus baccata var. mandshurica,バラ科,Malus,落葉,広葉樹,単葉,,鋸歯縁,あり,入力支援候補。公開前に要確認
malus-halliana,ハナカイドウ,Malus halliana,バラ科,Malus,落葉,広葉樹,単葉,互生,鋸歯縁,あり,入力支援候補。公開前に要確認
malus-domestica,リンゴ,Malus domestica,バラ科,Malus,落葉,広葉樹,単葉,,鋸歯縁,あり,入力支援候補。公開前に要確認
malus-tschonoskii,オオウラジロノキ,Malus tschonoskii,バラ科,Malus/Pyrus,落葉,広葉樹,単葉,互生,,,入力支援候補。公開前に要確認
pyrus-ussuriensis,ミチノクナシ,Pyrus ussuriensis,バラ科,Pyrus,落葉,広葉樹,単葉,,,,入力支援候補。公開前に要確認
pyrus-pyrifolia,ヤマナシ,Pyrus pyrifolia,バラ科,Pyrus,落葉,広葉樹,単葉,互生,,,入力支援候補。公開前に要確認
pyrus-communis,セイヨウナシ,Pyrus communis,バラ科,Pyrus/Cydonia,落葉,広葉樹,単葉,互生,鋸歯縁,あり,入力支援候補。公開前に要確認
chaenomeles-speciosa,ボケ,Chaenomeles speciosa,バラ科,Chaenomeles,落葉,広葉樹,単葉,,,,入力支援候補。公開前に要確認
pseudocydonia-sinensis,カリン,Pseudocydonia sinensis,バラ科,Pseudocydonia,落葉,広葉樹,単葉,,,,入力支援候補。公開前に要確認
exochorda-racemosa,アメリカテマリシモツケ,?????????????Exochorda racemosa,バラ科,Physocarpus/Exochorda,落葉,広葉樹,単葉,互生,鋸歯縁,あり,入力支援候補。公開前に要確認
spiraea-japonica,シモツケ,Spiraea japonica,バラ科,Spiraea,落葉,広葉樹,単葉,,,,入力支援候補。公開前に要確認
spiraea-dasyantha,イブキシモツケ,Spiraea dasyantha,バラ科,Spiraea,落葉,広葉樹,単葉,互生,,,入力支援候補。公開前に要確認
spiraea-betulifolia-var-betulifolia,マルパシモツケ,Spiraea betulifolia var. betulifolia,バラ科,Spiraea,落葉,広葉樹,単葉,互生,鋸歯縁,あり,入力支援候補。公開前に要確認
spiraea-niopponica-var-nipponica,イワシモツケ,Spiraea niopponica var. nipponica,バラ科,Spiraea,落葉,広葉樹,単葉,,全縁;鋸歯縁,あり,入力支援候補。公開前に要確認
spiraea-cantoniensis,コデマリ,Spiraea cantoniensis,バラ科,Spiraeal,落葉,広葉樹,単葉,互生,鋸歯縁,あり,入力支援候補。公開前に要確認
cotoneaster-horizontalis,ベニシタン,Cotoneaster horizontalis,バラ科,Cotoneaster,常緑,広葉樹,単葉,互生,全縁,なし,入力支援候補。公開前に要確認
pyracantha-angustifolia,タチバナモドキ,Pyracantha angustifolia,バラ科,Pyracantha,常緑,広葉樹,単葉,互生,,,入力支援候補。公開前に要確認
rhaphiolepis-indica-var-umbellata,シャリンバイ,Rhaphiolepis indica var. umbellata,バラ科,Rhaphiolepis,常緑,広葉樹,単葉,互生,鋸歯縁,あり,入力支援候補。公開前に要確認
eriobotrya-japonica,ビワ,Eriobotrya japonica,バラ科,Eriobotrya,常緑,広葉樹,単葉,,鋸歯縁,あり,入力支援候補。公開前に要確認
photinia-glabra,カナメモチ,Photinia glabra,バラ科,Photinia,常緑,広葉樹,単葉,互生,鋸歯縁,あり,入力支援候補。公開前に要確認
photinia-serratifolia,オオカナメモチ,Photinia serratifolia,バラ科,Photinia,常緑,広葉樹,単葉,,,,入力支援候補。公開前に要確認
neillia-incisa,コゴメウツギ,Neillia incisa,バラ科,Neillia,落葉,広葉樹,単葉,互生,,,入力支援候補。公開前に要確認
crataegus-cuneata,サンザシ,Crataegus cuneata,バラ科,Crataegus,落葉,広葉樹,単葉,互生,,,入力支援候補。公開前に要確認
rubus-buergeri,フユイチゴ,Rubus buergeri,バラ科,Rubus,常緑,広葉樹,単葉,互生,鋸歯縁,あり,入力支援候補。公開前に要確認
rubus-hakonensis,ミヤマフユイチコ,Rubus hakonensis,バラ科,Rubus,常緑,広葉樹,単葉,互生,鋸歯縁,あり,入力支援候補。公開前に要確認
rubus-sieboldii,ホウロクイチゴ,Rubus sieboldii,バラ科,Rubus,常緑,広葉樹,単葉,互生,鋸歯縁,あり,入力支援候補。公開前に要確認
rubus-pseudosieboldii,オオフユイチゴ,Rubus pseudosieboldii,バラ科,Rubus,常緑,広葉樹,単葉,互生,鋸歯縁,あり,入力支援候補。公開前に要確認
rubus-palmatus-var-coptophyllus,モミジイチゴ,Rubus palmatus var. coptophyllus,バラ科,Rubus,落葉,広葉樹,単葉,互生,掌状裂,,入力支援候補。公開前に要確認
rubus-crataegifolius,クマイチゴ,Rubus crataegifolius,バラ科,Rubus,落葉,広葉樹,単葉,,,,入力支援候補。公開前に要確認
rubus-microphyllus,ニガイチゴ,Rubus microphyllus,バラ科,Rubus,落葉,広葉樹,単葉,互生,鋸歯縁,あり,入力支援候補。公開前に要確認
rubus-trifidus,カジイチゴ,Rubus trifidus,バラ科,Rubus,常緑,広葉樹,単葉,互生,,,入力支援候補。公開前に要確認
rubus-ribisoideus,ハチジョウイチゴ,Rubus ribisoideus,バラ科,Rubus,落葉,広葉樹,単葉,互生,鋸歯縁,あり,入力支援候補。公開前に要確認
rubus-pseudo-acer,ミヤマモミジイチゴ,Rubus pseudo-acer,バラ科,Rubus,落葉,広葉樹,単葉,互生,,,入力支援候補。公開前に要確認
rubus-armeniacus,セイヨウヤブイチコ,Rubus armeniacus,バラ科,Rubus,常緑,広葉樹,三出複葉,互生,,,入力支援候補。公開前に要確認
rubus-parvifolius,ナワシロイチゴ,Rubus parvifolius,バラ科,Rubus,落葉,広葉樹,三出複葉,,,,入力支援候補。公開前に要確認
rubus-yoshinoi,キビノナワシロイチゴ,Rubus yoshinoi,バラ科,Rubus,落葉,広葉樹,三出複葉,,鋸歯縁,あり,入力支援候補。公開前に要確認
rubus-phoenicolasius,エビガライチゴ,Rubus phoenicolasius,バラ科,Rubus,落葉,広葉樹,羽状複葉,互生,鋸歯縁,あり,入力支援候補。公開前に要確認
rubus-mesogaeus,クロイチゴ,Rubus mesogaeus,バラ科,Rubus,落葉,広葉樹,羽状複葉,,,,入力支援候補。公開前に要確認
rubus-vernus,ベニパナイチゴ,Rubus vernus,バラ科,Rubus,落葉,広葉樹,三出複葉,互生,鋸歯縁,あり,入力支援候補。公開前に要確認
rubus-ikenoensis,ゴヨウイチゴ,Rubus ikenoensis,バラ科,Rubus,落葉,広葉樹,単葉,互生,,,入力支援候補。公開前に要確認
rubus-hirsutus,クサイチゴ,Rubus hirsutus,バラ科,Rubus,常緑;落葉,広葉樹,羽状複葉,,鋸歯縁,あり,入力支援候補。公開前に要確認
rubus-pungens-var-oldhamii,サナギイチゴ,Rubus pungens var. oldhamii,バラ科,Rubus,落葉,広葉樹,羽状複葉,互生,鋸歯縁,あり,入力支援候補。公開前に要確認
rubus-illecebrosus,パライチゴ,Rubus illecebrosus,バラ科,Rubus,落葉,広葉樹,羽状複葉,,,,入力支援候補。公開前に要確認
rubus-minusculus,ヒメバライチゴ,Rubus minusculus,バラ科,Rubus,落葉,広葉樹,羽状複葉,,,,入力支援候補。公開前に要確認
rubus-idaeus-subsp-melanolasius,エゾキイチゴ,Rubus idaeus subsp. melanolasius,バラ科,Rubus,落葉,広葉樹,単葉,互生,掌状裂;鋸歯縁,あり,入力支援候補。公開前に要確認
rosa-multiflora,ノイバラ,Rosa multiflora,バラ科,RosaB,落葉,広葉樹,羽状複葉,,,,入力支援候補。公開前に要確認
rosa-luciae,テリハノイバラ,Rosa luciae,バラ科,Rosa,落葉,広葉樹,羽状複葉,,,,入力支援候補。公開前に要確認
rosa-onoei-var-onoei,ヤブイバラ,Rosa onoei var. onoei,バラ科,Rosa,落葉,広葉樹,羽状複葉,,,,入力支援候補。公開前に要確認
rosa-sambucina,ヤマイバラ,Rosa sambucina,バラ科,Rosa,落葉,広葉樹,羽状複葉,,,,入力支援候補。公開前に要確認
rosa-fujisanensis,フジイバラ,Rosa fujisanensis,バラ科,Rosa,落葉,広葉樹,羽状複葉,,鋸歯縁,あり,入力支援候補。公開前に要確認
rosa-nipponensis,タカネパラ,Rosa nipponensis,バラ科,Rosa,落葉,広葉樹,羽状複葉,,鋸歯縁,あり,入力支援候補。公開前に要確認
rosa-rugosa,ハマナス,Rosa rugosa,バラ科,Rosa,落葉,広葉樹,羽状複葉,,,,入力支援候補。公開前に要確認
rosa-hirtula,サンショウバラ,Rosa hirtula,バラ科,Rosa,落葉,広葉樹,羽状複葉,互生,,,入力支援候補。公開前に要確認
rosa-banksiae,モッコウバラ,Rosa banksiae,バラ科,Rosa,常緑,広葉樹,羽状複葉,互生,,,入力支援候補。公開前に要確認
sorbus-commixta,ナナカマド,Sorbus commixta,バラ科,Sorbus,落葉,広葉樹,羽状複葉,互生,,,入力支援候補。公開前に要確認
sorbus-gracilis,ナンキンナナカマド,Sorbus gracilis,バラ科,Sorbus,落葉,広葉樹,単葉,,鋸歯縁,あり,入力支援候補。公開前に要確認
sorbus-matsumurana,ウラジロナナカマド,Sorbus matsumurana,バラ科,Sorbus,落葉,広葉樹,羽状複葉,互生,,,入力支援候補。公開前に要確認
sorbus-sambucifolia,タカネナナカマド,Sorbus sambucifolia,バラ科,Sorbus,落葉,広葉樹,羽状複葉,互生,鋸歯縁,あり,入力支援候補。公開前に要確認
sorbaria-sorbifolia-var-stellipila,ホザキナナカマド,Sorbaria sorbifolia var. stellipila,バラ科,Sorbaria,落葉,広葉樹,羽状複葉,互生,鋸歯縁,あり,入力支援候補。公開前に要確認
sorbaria-kirilowii,ニワナナカマド,Sorbaria kirilowii,バラ科,Sorbaria,落葉,広葉樹,羽状複葉,互生,鋸歯縁,あり,入力支援候補。公開前に要確認
elaeagnus-umbellata-var-umbellata,アキグミ,Elaeagnus umbellata var. umbellata,グミ科,Elaeagnus,落葉,針葉樹,単葉,互生,全縁,なし,入力支援候補。公開前に要確認
elaeagnus-multiflora-var-multiflora,ナツグミ,Elaeagnus multiflora var. multiflora,グミ科,Elaeagnus,落葉,広葉樹,単葉,,全縁,なし,入力支援候補。公開前に要確認
elaeagnus-montana-var-montana,マメグミ,Elaeagnus montana var. montana,グミ科,Elaeagnus,落葉,広葉樹,単葉,互生,全縁,なし,入力支援候補。公開前に要確認
elaeagnus-matsunoana,ハコネグミ,Elaeagnus matsunoana,グミ科,Elaeagnus,落葉,広葉樹,単葉,互生,全縁,なし,入力支援候補。公開前に要確認
elaeagnus-yoshinoi,ナツアサドリ,Elaeagnus yoshinoi,グミ科,Elaeagnus,常緑;落葉,広葉樹,単葉,,全縁,なし,入力支援候補。公開前に要確認
elaeagnus-glabra,ツルグミ,Elaeagnus glabra,グミ科,Elaeagnus,常緑,広葉樹,単葉,互生,,,入力支援候補。公開前に要確認
elaeagnus-macrophylla,オオバグミ,Elaeagnus macrophylla,グミ科,Elaeagnus,常緑,広葉樹,単葉,互生,全縁,なし,入力支援候補。公開前に要確認
elaeagnus-pungens,ナワシログミ,Elaeagnus pungens,グミ科,Elaeagnus,常緑,広葉樹,単葉,,,,入力支援候補。公開前に要確認
rhamnus-japonica-var-decipiens,クロウメモドキ,Rhamnus japonica var. decipiens,クロウメモドキ科,Rhamnus,落葉,広葉樹,単葉,互生;対生;束生,鋸歯縁,あり,入力支援候補。公開前に要確認
rhamnus-yoshinoi,キビノクロウメモドキ,Rhamnus yoshinoi,クロウメモドキ科,Rhamnus,落葉,広葉樹,単葉,互生;対生,,,入力支援候補。公開前に要確認
rhamnus-costata,クロカンバ,Rhamnus costata,クロウメモドキ科,Rhamnus,落葉,広葉樹,単葉,,,,入力支援候補。公開前に要確認
ziziphus-jujuba-var-inermis,ナツメ,Ziziphus jujuba var. inermis,クロウメモドキ科,Ziziphus/Paliurus,落葉,広葉樹,単葉,,,,入力支援候補。公開前に要確認
frangula-crenata,イソノキ,Frangula crenata,クロウメモドキ科,Frangula,落葉,広葉樹,単葉,,鋸歯縁,あり,入力支援候補。公開前に要確認
rhamnella-franguloides,ネコノチチ,Rhamnella franguloides,クロウメモドキ科,Rhamnella/Berchemiella,落葉,広葉樹,単葉,互生,,,入力支援候補。公開前に要確認
hovenia-dulcis,ケンポナシ,Hovenia dulcis,クロウメモドキ科,Hovenia,落葉,広葉樹,単葉,互生,鋸歯縁,あり,入力支援候補。公開前に要確認
hovenia-trichocarpa-var-robusta,ケケンポナシ,Hovenia trichocarpa var. robusta,クロウメモドキ科,Hovenia,落葉,広葉樹,単葉,互生,鋸歯縁,あり,入力支援候補。公開前に要確認
berchemia-racemosa,クマヤナギ,Berchemia racemosa,クロウメモドキ科,Berchemia,落葉,広葉樹,単葉,互生,全縁,なし,入力支援候補。公開前に要確認
berchemia-magna,オオクマヤナギ,Berchemia magna,クロウメモドキ科,Berchemia,落葉,広葉樹,単葉,互生,全縁,なし,入力支援候補。公開前に要確認
sageretia-thea,クロイゲ,Sageretia thea,クロウメモドキ科,Sageretia/Ullmus,常緑;落葉,広葉樹,単葉,互生;対生,鋸歯縁,あり,入力支援候補。公開前に要確認
ulmus-parvifolia,アキニレ,Ulmus parvifolia,ニレ科,Ulmus,落葉,広葉樹,単葉,,鋸歯縁,あり,入力支援候補。公開前に要確認
ulmus-davidiana-var-japonica,ハルニレ,Ulmus davidiana var. japonica,ニレ科,Ulmus,落葉,広葉樹,単葉,互生,,,入力支援候補。公開前に要確認
ulmus-laciniata,オヒョウ,Ulmus laciniata,ニレ科,Ulmus,落葉,広葉樹,単葉,互生,,,入力支援候補。公開前に要確認
zelkova-serrata,ケヤキ,Zelkova serrata,ニレ科,Zelkova,落葉,広葉樹,単葉,互生,鋸歯縁,あり,入力支援候補。公開前に要確認
aphananthe-aspera,ムクノキ,Aphananthe aspera,アサ科,Aphananthe,落葉,広葉樹,単葉,,鋸歯縁,あり,入力支援候補。公開前に要確認
celtis-sinensis,エノキ,Celtis sinensis,アサ科,Celtis,落葉,広葉樹,単葉,互生,鋸歯縁,あり,入力支援候補。公開前に要確認
celtis-jessoensis,エゾエノキ,Celtis jessoensis,アサ科,Celtis,落葉,広葉樹,単葉,互生,鋸歯縁,あり,入力支援候補。公開前に要確認
morus-australis,ヤマグワ,Morus australis,クワ科,Morus,落葉,広葉樹,単葉,互生,鋸歯縁,あり,入力支援候補。公開前に要確認
morus-alba,マグワ,Morus alba,クワ科,Morus,落葉,広葉樹,単葉,互生,,,入力支援候補。公開前に要確認
morus-cathayana,ケグワ,Morus cathayana,クワ科,Morus,落葉,広葉樹,単葉,,,,入力支援候補。公開前に要確認
broussonetia-papyrifera,カジノキ,Broussonetia papyrifera,クワ科,Broussonetia,落葉,広葉樹,単葉,互生;対生,鋸歯縁,あり,入力支援候補。公開前に要確認
broussonetia-monoica,ヒメコウゾ,Broussonetia monoica,クワ科,Broussonetia,落葉,広葉樹,単葉,互生,,,入力支援候補。公開前に要確認
broussonetia-kazinoki,コウゾ,Broussonetia kazinoki,クワ科,Broussonetia,落葉,広葉樹,単葉,互生,鋸歯縁,あり,入力支援候補。公開前に要確認
ficus-carica,イチジク,Ficus carica,クワ科,Ficus,落葉,広葉樹,単葉,互生,鋸歯縁,あり,入力支援候補。公開前に要確認
ficus-erecta-var-erecta,イヌビワ,Ficus erecta var. erecta,クワ科,Ficus,常緑;落葉,広葉樹,単葉,,全縁,なし,入力支援候補。公開前に要確認
ficus-sarmentosa-subsp-nipponica,イタビカズラ,Ficus sarmentosa subsp. nipponica,クワ科,Ficus,常緑,広葉樹,単葉,互生,全縁,なし,入力支援候補。公開前に要確認
ficus-thunbergii,ヒメイタビ,Ficus thunbergii,クワ科,Ficus,常緑,広葉樹,単葉,互生,,,入力支援候補。公開前に要確認
ficus-superba-var-japonica,アコウ,Ficus superba var. japonica,クワ科,Ficus,常緑;落葉,広葉樹,単葉,互生,全縁,なし,入力支援候補。公開前に要確認
maclura-cochinchinensis,カカツガユ,Maclura cochinchinensis,クワ科,Maclura,常緑;落葉,広葉樹,単葉,互生,鋸歯縁,あり,入力支援候補。公開前に要確認
boehmeria-spicata,コアカソ,Boehmeria spicata,イラクサ科,Boehmeria/Debregeasia,落葉,広葉樹,単葉,互生,鋸歯縁,あり,入力支援候補。公開前に要確認
oreocnide-frutescens,イワガネ,Oreocnide frutescens,イラクサ科,Oreocnide,常緑;落葉,広葉樹,単葉,,鋸歯縁,あり,入力支援候補。公開前に要確認
fagus-crenata,ブナ,Fagus crenata,ブナ科,Fagus,落葉,広葉樹,単葉,互生,鋸歯縁,あり,入力支援候補。公開前に要確認
fagus-japonica,イヌブナ,Fagus japonica,ブナ科,Fagus,落葉,広葉樹,単葉,互生,鋸歯縁,あり,入力支援候補。公開前に要確認
castanea-crenata,クリ,Castanea crenata,ブナ科,Castanea,落葉,広葉樹,単葉,互生,鋸歯縁,あり,入力支援候補。公開前に要確認
quercus-acutissima,クヌギ,Quercus acutissima,ブナ科,Quercus,落葉,広葉樹,単葉,,鋸歯縁,あり,入力支援候補。公開前に要確認
quercus-variabilis,アベマキ,Quercus variabilis,ブナ科,Quercus,落葉,広葉樹,単葉,互生,,,入力支援候補。公開前に要確認
quercus-mongolicoides,フモトミズナラ,Quercus mongolicoides,ブナ科,Quercus,落葉,広葉樹,単葉,,鋸歯縁,あり,入力支援候補。公開前に要確認
quercus-serrata,コナラ,Quercus serrata,ブナ科,Quercus,落葉,広葉樹,単葉,互生,,,入力支援候補。公開前に要確認
quercus-crispula-var-crispula,ミズナラ,Quercus crispula var. crispula,ブナ科,Quercus,落葉,広葉樹,単葉,,鋸歯縁,あり,入力支援候補。公開前に要確認
quercus-aliena,ナラガシワ,Quercus aliena,ブナ科,Quercus,落葉,広葉樹,単葉,互生,,,入力支援候補。公開前に要確認
quercus-dentata,カシワ,Quercus dentata,ブナ科,Quercus,落葉,広葉樹,単葉,,波状;鋸歯縁,あり,入力支援候補。公開前に要確認
quercus-phillyraeoides,ウバメガシ,Quercus phillyraeoides,ブナ科,Quercus,常緑,広葉樹,単葉,互生,,,入力支援候補。公開前に要確認
quercus-glauca,アラカシ,Quercus glauca,ブナ科,Quercus,常緑,広葉樹,単葉,,,,入力支援候補。公開前に要確認
quercus-myrsinaefolia,シラカシ,Quercus myrsinaefolia,ブナ科,Quercus,常緑,広葉樹,単葉,互生,,,入力支援候補。公開前に要確認
quercus-salicina,ウラジロガシ,Quercus salicina,ブナ科,Quercus,常緑,広葉樹,単葉,,鋸歯縁,あり,入力支援候補。公開前に要確認
quercus-gilva,イチイガシ,Quercus gilva,ブナ科,Quercus,常緑,広葉樹,単葉,互生,鋸歯縁,あり,入力支援候補。公開前に要確認
quercus-hondae,ハナガガシ,Quercus hondae,ブナ科,Quercus,常緑,広葉樹,単葉,,鋸歯縁,あり,入力支援候補。公開前に要確認
quercus-sessilifolia,ツクバネガシ,Quercus sessilifolia,ブナ科,Quercus,常緑,広葉樹,単葉,互生,鋸歯縁,あり,入力支援候補。公開前に要確認
quercus-acuta,アカガシ,Quercus acuta,ブナ科,Quercus,常緑,広葉樹,単葉,互生,,,入力支援候補。公開前に要確認
castanopsis-sieboldii-subsp-sieboldii,スダジイ,Castanopsis sieboldii subsp. sieboldii,ブナ科,Castanopsis,常緑,広葉樹,単葉,互生,鋸歯縁,あり,入力支援候補。公開前に要確認
castanopsis-cuspidata,ツブラジイ,Castanopsis cuspidata,ブナ科,Castanopsis,常緑,広葉樹,単葉,,鋸歯縁,あり,入力支援候補。公開前に要確認
lithocarpus-edulis,マテバシイ,Lithocarpus edulis,ブナ科,Lithocarpus,常緑,広葉樹,単葉,互生,全縁,なし,入力支援候補。公開前に要確認
lithocarpus-glaber,シリブカガシ,Lithocarpus glaber,ブナ科,Lithocarpus,常緑,広葉樹,単葉,,,,入力支援候補。公開前に要確認
morella-rubra,ヤマモモ,Morella rubra,ヤマモモ科,Morella,常緑,広葉樹,単葉,互生,鋸歯縁,あり,入力支援候補。公開前に要確認
myrica-gale-var-tomentosa,ヤチヤナギ,Myrica gale var. tomentosa,ヤマモモ科,,落葉,広葉樹,羽状複葉;単葉,互生,,,入力支援候補。公開前に要確認
juglans-mandshurica-var-sachalinensis,オニグルミ,Juglans mandshurica var. sachalinensis,クルミ科,Juglans,落葉,広葉樹,羽状複葉,互生,,,入力支援候補。公開前に要確認
pterocarya-rhoifolia,サワグルミ,Pterocarya rhoifolia,クルミ科,Pterocarvallentere,落葉,広葉樹,羽状複葉,,鋸歯縁,あり,入力支援候補。公開前に要確認
pterocarya-stenoptera,シナサワグルミ,Pterocarya stenoptera,クルミ科,Pterocarya,落葉,広葉樹,羽状複葉,互生,,,入力支援候補。公開前に要確認
platycarya-strobilacea,ノグルミ,Platycarya strobilacea,クルミ科,Platycarya,落葉,広葉樹,羽状複葉,互生,,,入力支援候補。公開前に要確認
betula-grossa,ミズメ,Betula grossa,カバノキ科,Betula,落葉,広葉樹,単葉,互生,鋸歯縁,あり,入力支援候補。公開前に要確認
betula-maximowicziana,ウダイカンバ,Betula maximowicziana,カバノキ科,Betula,落葉,広葉樹,単葉,,鋸歯縁,あり,入力支援候補。公開前に要確認
betula-platyphylla-var-japonica,シラカバ,Betula platyphylla var. japonica,カバノキ科,Betula,落葉,広葉樹,単葉,互生,,,入力支援候補。公開前に要確認
betula-ermanii,ダケカンバ,Betula ermanii,カバノキ科,Betula,落葉,広葉樹,単葉,,,,入力支援候補。公開前に要確認
betula-corylifolia,ネコシデ,Betula corylifolia,カバノキ科,Betula,落葉,針葉樹,単葉,互生,,,入力支援候補。公開前に要確認
alnus-japonica,ハンノキ,Alnus japonica,カバノキ科,Alnus,落葉,広葉樹,単葉,互生,鋸歯縁,あり,入力支援候補。公開前に要確認
alnus-trabeculosa,サクラバハンノキ,Alnus trabeculosa,カバノキ科,,落葉,広葉樹,単葉,,鋸歯縁,あり,入力支援候補。公開前に要確認
alnus-hirsuta-var-sibirica,ヤマハンノキ,Alnus hirsuta var. sibirica,カバノキ科,Alnus,落葉,広葉樹,単葉,互生,鋸歯縁,あり,入力支援候補。公開前に要確認
alnus-inokumae,タニガワハンノキ,Alnus inokumae,カバノキ科,Alnus,落葉,広葉樹,単葉,互生,,,入力支援候補。公開前に要確認
alnus-fauriei,ミヤマカワラハンノキ,Alnus fauriei,カバノキ科,Alnus,落葉,広葉樹,単葉,,鋸歯縁,あり,入力支援候補。公開前に要確認
alnus-serrulatoides,カワラハンノキ,Alnus serrulatoides,カバノキ科,Alnus,落葉,広葉樹,単葉,,鋸歯縁,あり,入力支援候補。公開前に要確認
alnus-sieboldiana,オオバヤシャブシ,Alnus sieboldiana,カバノキ科,Alnus,落葉,広葉樹,単葉,互生,鋸歯縁,あり,入力支援候補。公開前に要確認
alnus-firma,ヤシャブシ,Alnus firma,カバノキ科,Alnus,落葉,広葉樹,単葉,互生,鋸歯縁,あり,入力支援候補。公開前に要確認
carpinus-tschonoskii,イヌシデ,Carpinus tschonoskii,カバノキ科,Carpinus,落葉,広葉樹,単葉,互生,,,入力支援候補。公開前に要確認
carpinus-laxiflora,アカシデ,Carpinus laxiflora,カバノキ科,Carpinus,落葉,広葉樹,単葉,互生,鋸歯縁,あり,入力支援候補。公開前に要確認
carpinus-japonica,クマシデ,Carpinus japonica,カバノキ科,Carpinus,落葉,広葉樹,単葉,互生,,,入力支援候補。公開前に要確認
carpinus-cordata-var-cordata,サワシバ,Carpinus cordata var. cordata,カバノキ科,Carpinus,落葉,広葉樹,単葉,,鋸歯縁,あり,入力支援候補。公開前に要確認
corylus-sieboldiana,ツノハシバミ,Corylus sieboldiana,カバノキ科,Corylus,落葉,広葉樹,単葉,互生,,,入力支援候補。公開前に要確認
corylus-heterophylla-var-thunbergii,ハシバミ,Corylus heterophylla var. thunbergii,カバノキ科,Corylus,落葉,広葉樹,単葉,互生,鋸歯縁,あり,入力支援候補。公開前に要確認
ostrya-japonica,アサダ,Ostrya japonica,カバノキ科,Ostrya,落葉,広葉樹,単葉,互生,鋸歯縁,あり,入力支援候補。公開前に要確認
coriaria-japonica,ドクウツギ,Coriaria japonica,ドクウツギ科,Coriaria,落葉,広葉樹,単葉,対生,全縁,なし,入力支援候補。公開前に要確認
euonymus-alatus-f-alatus,ニシキギ,Euonymus alatus f. alatus,ニシキギ科,Euonymus,常緑;落葉,広葉樹,単葉,対生,鋸歯縁,あり,入力支援候補。公開前に要確認
euonymus-sieboldianus-var-sieboldianus,マユミ,Euonymus sieboldianus var. sieboldianus,ニシキギ科,Euonymus,落葉,広葉樹,単葉,,鋸歯縁,あり,入力支援候補。公開前に要確認
euonymus-oxyphyllus,ツリパナ,Euonymus oxyphyllus,ニシキギ科,Euonymus,落葉,広葉樹,単葉,,,,入力支援候補。公開前に要確認
euonymus-planipes,オオツリバナ,Euonymus planipes,ニシキギ科,Euonymus,落葉,広葉樹,単葉,,鋸歯縁,あり,入力支援候補。公開前に要確認
euonymus-melananthus,サワダツ,Euonymus melananthus,ニシキギ科,Euonymus,落葉,針葉樹,単葉,,,,入力支援候補。公開前に要確認
euonymus-fortunei,ツルマサキ,Euonymus fortunei,ニシキギ科,Euonymus,常緑,広葉樹,単葉,,鋸歯縁,あり,入力支援候補。公開前に要確認
euonymus-japonicus,マサキ,Euonymus japonicus,ニシキギ科,Euonymus,常緑,広葉樹,単葉,,,,入力支援候補。公開前に要確認
euonymus-chibae,ヒゼンマユミ,Euonymus chibae,ニシキギ科,Euonymus/Microtropis,常緑,広葉樹,単葉,対生,鋸歯縁,あり,入力支援候補。公開前に要確認
celastrus-orbiculatus-var-orbiculatus,ツルウメモドキ,Celastrus orbiculatus var. orbiculatus,ニシキギ科,Celastrus,落葉,広葉樹,単葉,互生,鋸歯縁,あり,入力支援候補。公開前に要確認
celastrus-stephanotidifolius,オオツルウメモドキ,Celastrus stephanotidifolius,ニシキギ科,Celastrus,落葉,広葉樹,単葉,互生,,,入力支援候補。公開前に要確認
celastrus-punctatus,テリハツルウメモドキ,Celastrus punctatus,ニシキギ科,Tripterygjum,常緑;落葉,広葉樹,単葉,互生,鋸歯縁,あり,入力支援候補。公開前に要確認
tripterygium-regelii,クロヅル,Tripterygium regelii,ニシキギ科,Tripterygium,落葉,広葉樹,単葉,,,,入力支援候補。公開前に要確認
elaeocarpus-zollingeri-var-zollingeri,ホルトノキ,Elaeocarpus zollingeri var. zollingeri,ホルトノキ科,Elaeocarpus,常緑,広葉樹,単葉,互生,,,入力支援候補。公開前に要確認
elaeocarpus-japonicus,コバンモチ,Elaeocarpus japonicus,ホルトノキ科,Elaeocarpus,常緑,広葉樹,単葉,,,,入力支援候補。公開前に要確認
neoshirakia-japonica,シラキ,Neoshirakia japonica,トウダイグサ科,Neoshirakia,落葉,広葉樹,単葉,互生,全縁,なし,入力支援候補。公開前に要確認
triadica-sebifera,ナンキンハゼ,Triadica sebifera,トウダイグサ科,Triadica,落葉,広葉樹,単葉,互生,,,入力支援候補。公開前に要確認
alchornea-davidii,オオバベニガシワ,Alchornea davidii,トウダイグサ科,Alchornea,落葉,広葉樹,単葉,互生,鋸歯縁,あり,入力支援候補。公開前に要確認
mallotus-japonicus,アカメガシワ,Mallotus japonicus,トウダイグサ科,Mallotus,落葉,広葉樹,単葉,互生,鋸歯縁,あり,入力支援候補。公開前に要確認
vernicia-cordata,アブラギリ,Vernicia cordata,トウダイグサ科,Vernicia,落葉,広葉樹,単葉,互生,鋸歯縁,あり,入力支援候補。公開前に要確認
vernicia-fordii,オオアブラギリ,Vernicia fordii,トウダイグサ科,Vernicia,落葉,広葉樹,単葉,互生,,,入力支援候補。公開前に要確認
phyllanthus-flexuosus,コバンノキ,Phyllanthus flexuosus,コミカンソウ科,Phyllanthus,落葉,広葉樹,単葉,互生,全縁,なし,入力支援候補。公開前に要確認
flueggea-suffruticosa,ヒトツバハギ,Flueggea suffruticosa,コミカンソウ科,Flueggea/Antidesma,常緑,広葉樹,単葉,互生,,,入力支援候補。公開前に要確認
salix-integra,イヌコリヤナギ,Salix integra,ヤナギ科,Salix,落葉,広葉樹,単葉,対生,鋸歯縁,あり,入力支援候補。公開前に要確認
salix-koriyanagi,コリヤナギ,Salix koriyanagi,ヤナギ科,Salix,落葉,広葉樹,単葉,互生;対生,全縁,なし,入力支援候補。公開前に要確認
salix-dolichostyla-subsp-dolichostyla,シロヤナギ,Salix dolichostyla subsp. dolichostyla,ヤナギ科,Salix,落葉,広葉樹,単葉,,鋸歯縁,あり,入力支援候補。公開前に要確認
salix-babylonica-var-babylonica,シダレヤナギ,Salix babylonica var. babylonica,ヤナギ科,Salix,落葉,広葉樹,単葉,互生,鋸歯縁,あり,入力支援候補。公開前に要確認
salix-miyabeana-subsp-gymnolepis,カワヤナギ,Salix miyabeana subsp. gymnolepis,ヤナギ科,Salix,落葉,広葉樹,単葉,互生,,,入力支援候補。公開前に要確認
salix-udensis,オノエヤナギ,Salix udensis,ヤナギ科,Salix,落葉,広葉樹,単葉,,鋸歯縁,あり,入力支援候補。公開前に要確認
salix-schwerinii,エゾノキヌヤナギ,Salix schwerinii,ヤナギ科,Salix,落葉,広葉樹,単葉,互生,鋸歯縁,あり,入力支援候補。公開前に要確認
salix-triandra-subsp-nipponica,タチヤナギ,Salix triandra subsp. nipponica,ヤナギ科,Salix,落葉,広葉樹,単葉,,鋸歯縁,あり,入力支援候補。公開前に要確認
salix-eriocarpa,ジャヤナギ,Salix eriocarpa,ヤナギ科,Salix,落葉,広葉樹,単葉,互生,,,入力支援候補。公開前に要確認
salix-gracilistyla,ネコヤナギ,Salix gracilistyla,ヤナギ科,Salix,落葉,広葉樹,単葉,,,,入力支援候補。公開前に要確認
salix-caprea,バッコヤナギ,Salix caprea,ヤナギ科,Salix,落葉,広葉樹,単葉,互生,鋸歯縁,あり,入力支援候補。公開前に要確認
salix-sieboldiana-var-sieboldiana,ヤマヤナギ,Salix sieboldiana var. sieboldiana,ヤナギ科,Salix,落葉,広葉樹,単葉,互生,鋸歯縁,あり,入力支援候補。公開前に要確認
salix-vulpina,キツネヤナギ,Salix vulpina,ヤナギ科,Salix,落葉,広葉樹,単葉,互生,,,入力支援候補。公開前に要確認
salix-futura,オオキツネヤナギ,Salix futura,ヤナギ科,Salix,落葉,広葉樹,単葉,,,,入力支援候補。公開前に要確認
salix-rupifraga,コマイワヤナギ,Salix rupifraga,ヤナギ科,Salix,落葉,広葉樹,単葉,,,,入力支援候補。公開前に要確認
salix-japonica,シバヤナギ,Salix japonica,ヤナギ科,Salix,落葉,広葉樹,単葉,互生,全縁;鋸歯縁,あり,入力支援候補。公開前に要確認
salix-arbutifolia,ケショウヤナギ,Salix arbutifolia,ヤナギ科,Salix,落葉,広葉樹,単葉,互生,,,入力支援候補。公開前に要確認
salix-cardiophylla-var-urbaniana,オオバヤナギ,Salix cardiophylla var. urbaniana,ヤナギ科,Salix,落葉,広葉樹,単葉,,,,入力支援候補。公開前に要確認
populus-tremula-var-sieboldii,ヤマナラシ,Populus tremula var. sieboldii,ヤナギ科,Populus,落葉,広葉樹,単葉,互生,鋸歯縁,あり,入力支援候補。公開前に要確認
populus-suaveolens,ドロノキ,Populus suaveolens,ヤナギ科,Populus,落葉,広葉樹,単葉,,,,入力支援候補。公開前に要確認
populus-nigra-var-italica,セイヨウハコヤナギ,Populus nigra var. italica,ヤナギ科,Populus,落葉,広葉樹,単葉,互生,,,入力支援候補。公開前に要確認
idesia-polycarpa,イイギリ,Idesia polycarpa,ヤナギ科,Idesia,落葉,広葉樹,単葉,互生,鋸歯縁,あり,入力支援候補。公開前に要確認
xylosma-congesta,クスドイゲ,Xylosma congesta,ヤナギ科,Xylosma,常緑,広葉樹,単葉,,鋸歯縁,あり,入力支援候補。公開前に要確認
hypericum-patulum,キンシバイ,Hypericum patulum,オトギリソウ科,Hypericum,常緑;落葉,広葉樹,単葉,,全縁,なし,入力支援候補。公開前に要確認
hypericum-calycinum,セイヨウキンシバイ,Hypericum calycinum,オトギリソウ科,Hypericum,常緑,広葉樹,単葉,,,,入力支援候補。公開前に要確認
lagerstroemia-indica,サルスベリ,Lagerstroemia indica,ミソハギ科,Lagerstroemia,落葉,広葉樹,単葉,互生;対生,全縁,なし,入力支援候補。公開前に要確認
lagerstroemia-subcostata-var-subcostata,シマサルスベリ,Lagerstroemia subcostata var. subcostata,ミソハギ科,Lagerstroemia/Punica,落葉,広葉樹,単葉,互生;対生,,,入力支援候補。公開前に要確認
callistemon-citrinus,ハナマキ,Callistemon citrinus,フトモモ科,Callistemon/Melaleuca,常緑,広葉樹,単葉,互生;対生,全縁,なし,入力支援候補。公開前に要確認
eucalyptus-globula,ユーカリノキ,Eucalyptus globula,フトモモ科,Eucalyptus,常緑,広葉樹,単葉,互生;対生,,,入力支援候補。公開前に要確認
myrtus-communis,ギンバイカ,Myrtus communis,フトモモ科,Myrtus/Acca,常緑,広葉樹,単葉,,全縁,なし,入力支援候補。公開前に要確認
psidium-cattleyanum,テリハバンジロウ,Psidium cattleyanum,フトモモ科,Psidium/Melastomataceae,常緑,広葉樹,単葉,対生,,,入力支援候補。公開前に要確認
staphylea-bumalda,ミツパウツギ,Staphylea bumalda,ミツバウツギ科,Staphylea,落葉,広葉樹,三出複葉,対生,鋸歯縁,あり,入力支援候補。公開前に要確認
staphylea-japonica,ゴンズイ,Staphylea japonica,ミツバウツギ科,Staphylea,落葉,広葉樹,羽状複葉,対生,鋸歯縁,あり,入力支援候補。公開前に要確認
stachyurus-praecox,キブシ,Stachyurus praecox,キブシ科,Stachyurus,落葉,広葉樹,単葉,互生,,,入力支援候補。公開前に要確認
toxicodendron-orientale-subsp-orientale,ツタウルシ,Toxicodendron orientale subsp. orientale,ウルシ科,Toxicodendron,落葉,広葉樹,三出複葉,,鋸歯縁,あり,入力支援候補。公開前に要確認
toxicodendron-trichocarpum,ヤマウルシ,Toxicodendron trichocarpum,ウルシ科,Toxicodendron,落葉,広葉樹,羽状複葉,互生,鋸歯縁,あり,入力支援候補。公開前に要確認
toxicodendron-vernicifluum,ウルシ,Toxicodendron vernicifluum,ウルシ科,Toxicodendron,落葉,広葉樹,羽状複葉,互生,,,入力支援候補。公開前に要確認
toxicodendron-succedaneum,ハゼノキ,Toxicodendron succedaneum,ウルシ科,Toxicodendron,落葉,広葉樹,羽状複葉,,全縁,なし,入力支援候補。公開前に要確認
toxicodendron-sylvestre,ヤマハゼ,Toxicodendron sylvestre,ウルシ科,Toxicodendron,落葉,広葉樹,羽状複葉,,全縁,なし,入力支援候補。公開前に要確認
rhus-javanica-var-chinensis,ヌルデ,Rhus javanica var. chinensis,ウルシ科,Rhus,落葉,広葉樹,羽状複葉,互生,鋸歯縁,あり,入力支援候補。公開前に要確認
choerospondias-axillaris,チャンチンモドキ,Choerospondias axillaris,ウルシ科,Choerospondias,落葉,広葉樹,羽状複葉,互生,鋸歯縁,あり,入力支援候補。公開前に要確認
pistacia-chinensis,ランシンボク,Pistacia chinensis,ウルシ科,Pistacia/Cotinus,落葉,広葉樹,羽状複葉;単葉,互生,全縁,なし,入力支援候補。公開前に要確認
dodonaea-viscosa,ハウチワノキ,Dodonaea viscosa,ムクロジ科,Dodonaea/Acer,常緑,広葉樹,単葉,対生,鋸歯縁,あり,入力支援候補。公開前に要確認
acer-palmatum,イロハモミジ,Acer palmatum,ムクロジ科,Acer,落葉,広葉樹,単葉,,,,入力支援候補。公開前に要確認
acer-amoenum-var-amoenum,オオモミジ,Acer amoenum var. amoenum,ムクロジ科,Acer,落葉,広葉樹,単葉,,,,入力支援候補。公開前に要確認
acer-sieboldianum,コハウチワカエデ,Acer sieboldianum,ムクロジ科,Acer,落葉,広葉樹,単葉,対生,,,入力支援候補。公開前に要確認
acer-japonicum,ハウチワカエデ,Acer japonicum,ムクロジ科,Acer,落葉,広葉樹,単葉,対生,鋸歯縁,あり,入力支援候補。公開前に要確認
acer-shirasawanum,オオイタヤメイゲツ,Acer shirasawanum,ムクロジ科,Acer,落葉,広葉樹,単葉,対生,,,入力支援候補。公開前に要確認
acer-nipponicum,テツカエデ,Acer nipponicum,ムクロジ科,Acer,落葉,広葉樹,単葉,,鋸歯縁,あり,入力支援候補。公開前に要確認
acer-rufinerve,ウリハダカエデ,Acer rufinerve,ムクロジ科,Acer,常緑;落葉,広葉樹,単葉,対生,鋸歯縁,あり,入力支援候補。公開前に要確認
acer-capillipes,ホソエカエデ,Acer capillipes,ムクロジ科,Acer,落葉,広葉樹,単葉,,,,入力支援候補。公開前に要確認
acer-crataegifolium,ウリカエデ,Acer crataegifolium,ムクロジ科,Acer,落葉,広葉樹,単葉,対生,鋸歯縁,あり,入力支援候補。公開前に要確認
acer-pycnanthum,ハナノキ,Acer pycnanthum,ムクロジ科,Acer,落葉,広葉樹,単葉,,鋸歯縁,あり,入力支援候補。公開前に要確認
acer-micranthum,コミネカエデ,Acer micranthum,ムクロジ科,Acer,落葉,広葉樹,単葉,対生,,,入力支援候補。公開前に要確認
acer-tschonoskii,ミネカエデ,Acer tschonoskii,ムクロジ科,Acer,落葉,広葉樹,単葉,,,,入力支援候補。公開前に要確認
acer-ukurunduense,オガラバナ,Acer ukurunduense,ムクロジ科,Acer,落葉,広葉樹,単葉,対生,鋸歯縁,あり,入力支援候補。公開前に要確認
acer-argutum,アサノハカエデ,Acer argutum,ムクロジ科,Acer,落葉,広葉樹,単葉,,鋸歯縁,あり,入力支援候補。公開前に要確認
acer-diabolicum,カジカエデ,Acer diabolicum,ムクロジ科,Acer,落葉,広葉樹,単葉,対生,鋸歯縁,あり,入力支援候補。公開前に要確認
acer-miyabei,クロビイタヤ,Acer miyabei,ムクロジ科,Acer,落葉,広葉樹,単葉,対生,鋸歯縁,あり,入力支援候補。公開前に要確認
acer-pictum,イタヤカエデ,Acer pictum,ムクロジ科,Acer,落葉,広葉樹,単葉,対生,全縁,なし,入力支援候補。公開前に要確認
acer-pictum-subsp-pictum-f-ambiguum,オニイタヤ,Acer pictum subsp. pictum f. ambiguum,ムクロジ科,Acer,落葉,広葉樹,単葉,対生,全縁,なし,入力支援候補。公開前に要確認
acer-buergerianum,トウカエデ,Acer buergerianum,ムクロジ科,Acer,落葉,広葉樹,単葉,対生,鋸歯縁,あり,入力支援候補。公開前に要確認
acer-negundo,トネリコバノカエデ,Acer negundo,ムクロジ科,Acer,落葉,広葉樹,羽状複葉,対生,全縁;鋸歯縁,あり,入力支援候補。公開前に要確認
acer-cissifolium,ミツデカエデ,Acer cissifolium,ムクロジ科,Acer,落葉,広葉樹,三出複葉,対生,鋸歯縁,あり,入力支援候補。公開前に要確認
acer-maximowiczianum,メグスリノキ,Acer maximowiczianum,ムクロジ科,Acer,,広葉樹,単葉,対生,,,入力支援候補。公開前に要確認
acer-carpinifolium,チドリノキ,Acer carpinifolium,ムクロジ科,Acer,落葉,広葉樹,単葉,対生,鋸歯縁,あり,入力支援候補。公開前に要確認
acer-distylum,ヒトツパカエデ,Acer distylum,ムクロジ科,Acer,落葉,広葉樹,単葉,,鋸歯縁,あり,入力支援候補。公開前に要確認
sapindus-mukorossi,ムクロジ,Sapindus mukorossi,ムクロジ科,Sapindus,落葉,広葉樹,羽状複葉,互生,,,入力支援候補。公開前に要確認
koelreuteria-paniculata,モクゲンジ,Koelreuteria paniculata,ムクロジ科,Koelreuteria,落葉,広葉樹,羽状複葉,,鋸歯縁,あり,入力支援候補。公開前に要確認
aesculus-turbinata,トチノキ,Aesculus turbinata,ムクロジ科,Aesculus,落葉,広葉樹,単葉,対生,鋸歯縁,あり,入力支援候補。公開前に要確認
aesculus-carnea,ベニバナトチノキ,Aesculus carnea,ムクロジ科,Aesculus,落葉,広葉樹,単葉,,鋸歯縁,あり,入力支援候補。公開前に要確認
citrus-trifoliata,カラタチ,Citrus trifoliata,ミカン科,Citrus,常緑;落葉,広葉樹,三出複葉;単葉,互生,全縁;鋸歯縁,あり,入力支援候補。公開前に要確認
citrus-junos,ユズ,Citrus junos,ミカン科,Citrus,常緑,広葉樹,単葉,互生,全縁;鋸歯縁,あり,入力支援候補。公開前に要確認
citrus-unshiu,ウンシュウミカン,Citrus unshiu,ミカン科,Citrus,常緑,広葉樹,単葉,,鋸歯縁,あり,入力支援候補。公開前に要確認
skimmia-japonica-var-japonica,ミヤマシキミ,Skimmia japonica var. japonica,ミカン科,Skimmia,常緑,広葉樹,単葉,互生,全縁,なし,入力支援候補。公開前に要確認
orixa-japonica,コクサギ,Orixa japonica,ミカン科,,落葉,広葉樹,単葉,,,,入力支援候補。公開前に要確認
zanthoxylum-piperitum,サンショウ,Zanthoxylum piperitum,ミカン科,Zanthoxylum,落葉,広葉樹,羽状複葉,,鋸歯縁,あり,入力支援候補。公開前に要確認
zanthoxylum-schinifolium-var-schinifolium,イヌザンショウ,Zanthoxylum schinifolium var. schinifolium,ミカン科,Zanthoxylum,落葉,広葉樹,羽状複葉,,全縁;鋸歯縁,あり,入力支援候補。公開前に要確認
zanthoxylum-ailanthoides-var-ailanthoides,カラスザンショウ,Zanthoxylum ailanthoides var. ailanthoides,ミカン科,Zanthoxylum,落葉,広葉樹,羽状複葉,互生,全縁;鋸歯縁,あり,入力支援候補。公開前に要確認
zanthoxylum-armatum-var-subtrifoliatum,フユザンショウ,Zanthoxylum armatum var. subtrifoliatum,ミカン科,Zanthoxylum,常緑,広葉樹,羽状複葉,,,,入力支援候補。公開前に要確認
phellodendron-amurense-var-amurense,キハタ,????????Phellodendron amurense var amurense,ミカン科,Phellodendron,落葉,広葉樹,羽状複葉,対生,鋸歯縁,あり,入力支援候補。公開前に要確認
tetradium-ruticarpum,ゴシュユ,Tetradium ruticarpum,ミカン科,Tetradium,落葉,広葉樹,羽状複葉,,全縁,なし,入力支援候補。公開前に要確認
picrasma-quassioides,ニガキ,Picrasma quassioides,ニガキ科,Picrasma,落葉,広葉樹,羽状複葉,互生,鋸歯縁,あり,入力支援候補。公開前に要確認
ailanthus-altissima,シンジユ,??????????Ailanthus altissima,ニガキ科,Allanthus,落葉,広葉樹,羽状複葉,,全縁;鋸歯縁,あり,入力支援候補。公開前に要確認
melia-azedarach,センダン,Melia azedarach,センダン科,Melia,落葉,広葉樹,羽状複葉,,鋸歯縁,あり,入力支援候補。公開前に要確認
toona-sinensis,チャンチン,Toona sinensis,センダン科,Toona,落葉,広葉樹,羽状複葉,互生,鋸歯縁,あり,入力支援候補。公開前に要確認
tilia-japonica,シナノキ,Tilia japonica,アオイ科,Tilia,落葉,広葉樹,単葉,互生,鋸歯縁,あり,入力支援候補。公開前に要確認
tilia-maximowicziana,オオバボダイジュ,Tilia maximowicziana,アオイ科,Tilia,落葉,広葉樹,単葉,互生,鋸歯縁,あり,入力支援候補。公開前に要確認
tilia-mandshurica-var-mandshurica,マンシュウボダイジュ,Tilia mandshurica var. mandshurica,アオイ科,Tilia,落葉,広葉樹,単葉,互生,鋸歯縁,あり,入力支援候補。公開前に要確認
tilia-miqueliana,ボダイジュ,Tilia miqueliana,アオイ科,Tilia,落葉,広葉樹,単葉,,,,入力支援候補。公開前に要確認
tilia-vulgaris,セイヨウシナノキ,Tilia vulgaris,アオイ科,Tili,落葉,広葉樹,単葉,互生,鋸歯縁,あり,入力支援候補。公開前に要確認
hibiscus-hamabo,ハマボウ,Hibiscus hamabo,アオイ科,Hibiscus,常緑,広葉樹,単葉,,,,入力支援候補。公開前に要確認
hibiscus-mutabilis,フヨウ,Hibiscus mutabilis,アオイ科,Hibiscus,落葉,広葉樹,単葉,互生,,,入力支援候補。公開前に要確認
hibiscus-syriacus,ムクゲ,Hibiscus syriacus,アオイ科,Hibiscus,落葉,広葉樹,単葉,,,,入力支援候補。公開前に要確認
callianthe-megapotamica,ウキツリボク,Callianthe megapotamica,アオイ科,Callianthe/Pavonia,常緑;落葉,広葉樹,単葉,互生,鋸歯縁,あり,入力支援候補。公開前に要確認
firmiana-simplex,アオギリ,Firmiana simplex,アオイ科,Firmiana,落葉,広葉樹,単葉,,,,入力支援候補。公開前に要確認
daphne-odora,ジンチョウゲ,Daphne odora,ジンチョウゲ科,Daphne,常緑,広葉樹,単葉,互生,全縁,なし,入力支援候補。公開前に要確認
daphne-kiusiana,コショウノキ,Daphne kiusiana,ジンチョウゲ科,Daphne,常緑,広葉樹,単葉,互生,,,入力支援候補。公開前に要確認
daphne-pseudo-mezereum,オニシバリ,Daphne pseudo-mezereum,ジンチョウゲ科,Daphne,落葉,広葉樹,単葉,互生,全縁,なし,入力支援候補。公開前に要確認
daphne-pseudo-mezereum-var-koreana,チョウセンナニワズ,Daphne pseudo-mezereum var. koreana,ジンチョウゲ科,Daphne,落葉,広葉樹,単葉,互生,,,入力支援候補。公開前に要確認
edgeworthia-chrysantha,ミツマタ,Edgeworthia chrysantha,ジンチョウゲ科,Edgeworthia,落葉,広葉樹,単葉,互生,,,入力支援候補。公開前に要確認
diplomorpha-sikokiana,ガンピ,Diplomorpha sikokiana,ジンチョウゲ科,Diplomorpha,落葉,広葉樹,単葉,,,,入力支援候補。公開前に要確認
diplomorpha-ganpi,コガンピ,Diplomorpha ganpi,ジンチョウゲ科,Diplomorpha,落葉,広葉樹,単葉,対生,全縁,なし,入力支援候補。公開前に要確認
buckleya-lanceolata,ツクバネ,Buckleya lanceolata,ビャクダン科,Buckleya,落葉,広葉樹,単葉,,全縁,なし,入力支援候補。公開前に要確認
viscum-album-subsp-coloratum,ヤドリギ,Viscum album subsp. coloratum,,,常緑;落葉,針葉樹,単葉,,全縁,なし,入力支援候補。公開前に要確認
taxillus-yadoriki,オオバヤドリギ,Taxillus yadoriki,オオバヤドリギ科,Lo,常緑;落葉,針葉樹,単葉,対生,,,入力支援候補。公開前に要確認
schoepfia-jasminodora,ボロボロノキ,Schoepfia jasminodora,ボロボロノキ科,Schoepfia/Tamaricaceae,落葉,針葉樹,単葉,互生,全縁,なし,入力支援候補。公開前に要確認
plumbago-auriculata,ルリマツリ,Plumbago auriculata,イソマツ科,Plumbago/Polygonaceae,常緑;落葉,広葉樹,単葉,互生,,,入力支援候補。公開前に要確認
bougainvillea-spectabilis,ブーゲンビレア,Bougainvillea spectabilis,,,常緑;落葉,,単葉,互生,全縁,なし,入力支援候補。公開前に要確認
davidia-involucrata,ハンカチノキ,Davidia involucrata,ヌマミズキ科,Davidia,落葉,広葉樹,単葉,,,,入力支援候補。公開前に要確認
cornus-controversa-var-controversa,ミズキ,Cornus controversa var. controversa,ミズキ科,Cornus,落葉,広葉樹,単葉,互生,全縁,なし,入力支援候補。公開前に要確認
cornus-macrophylla,クマノミズキ,Cornus macrophylla,ミズキ科,Cornus,落葉,広葉樹,単葉,,,,入力支援候補。公開前に要確認
cornus-florida,ハナミズキ,??????????????Cornus florida,ミズキ科,Cornus,落葉,広葉樹,単葉,対生,全縁,なし,入力支援候補。公開前に要確認
cornus-officinalis,サンシュユ,Cornus officinalis,ミズキ科,Cornus,落葉,広葉樹,単葉,対生,全縁,なし,入力支援候補。公開前に要確認
cornus-kousa-subsp-kousa,ヤマボウシ,Cornus kousa subsp. kousa,ミズキ科,Cornus,落葉,広葉樹,単葉,対生,全縁,なし,入力支援候補。公開前に要確認
alangium-platanifolium-var-trilobatum,ウリノキ,Alangium platanifolium var. trilobatum,ミズキ科,Alangium,落葉,広葉樹,単葉,互生,全縁,なし,入力支援候補。公開前に要確認
hydrangea-quercifolia,カシワバアジサイ,Hydrangea quercifolia,アジサイ科,Hydrangea,落葉,広葉樹,単葉,対生,,,入力支援候補。公開前に要確認
hydrangea-sikokiana,ヤハズアジサイ,Hydrangea sikokiana,アジサイ科,Hydrangea,落葉,広葉樹,単葉,対生,鋸歯縁,あり,入力支援候補。公開前に要確認
hydrangea-platyarguta,バイカアマチャ,Hydrangea platyarguta,アジサイ科,Hydrangea,落葉,広葉樹,単葉,対生,鋸歯縁,あり,入力支援候補。公開前に要確認
hydrangea-involucrata,タマアジサイ,Hydrangea involucrata,アジサイ科,Hydrangea,落葉,広葉樹,単葉,対生,鋸歯縁,あり,入力支援候補。公開前に要確認
hydrangea-macrophylla-f-normalis,ガクアジサイ,Hydrangea macrophylla f. normalis,アジサイ科,Hydrangea,落葉,広葉樹,単葉,対生,,,入力支援候補。公開前に要確認
hydrangea-serrata-var-serrata,ヤマアジサイ,Hydrangea serrata var. serrata,アジサイ科,Hydrangea,落葉,広葉樹,単葉,対生,,,入力支援候補。公開前に要確認
hydrangea-scandens,ガクウツギ,Hydrangea scandens,アジサイ科,Hydrangea,落葉,広葉樹,単葉,対生,鋸歯縁,あり,入力支援候補。公開前に要確認
hydrangea-hirta,コアジサイ,Hydrangea hirta,アジサイ科,Hydrangea,落葉,広葉樹,単葉,対生,鋸歯縁,あり,入力支援候補。公開前に要確認
hydrangea-petiolaris,ツルアジサイ,Hydrangea petiolaris,アジサイ科,Hydrangea,落葉,広葉樹,単葉,対生,,,入力支援候補。公開前に要確認
hydrangea-hydrangeoides,イワガラミ,Hydrangea hydrangeoides,アジサイ科,Hydrangea,落葉,広葉樹,単葉,,鋸歯縁,あり,入力支援候補。公開前に要確認
hydrangea-paniculata,ノリウツギ,Hydrangea paniculata,アジサイ科,Hydrangea,落葉,広葉樹,単葉,対生,鋸歯縁,あり,入力支援候補。公開前に要確認
philadelphus-satsumi,バイカウツギ,Philadelphus satsumi,アジサイ科,Philadelphus,落葉,広葉樹,単葉,,,,入力支援候補。公開前に要確認
deutzia-crenata,ウツギ,Deutzia crenata,アジサイ科,Deutzia,落葉,広葉樹,単葉,,,,入力支援候補。公開前に要確認
deutzia-gracilis,ヒメウツギ,Deutzia gracilis,アジサイ科,Deutzia,落葉,広葉樹,単葉,,鋸歯縁,あり,入力支援候補。公開前に要確認
deutzia-scabra-var-scabra,マルバウツギ,Deutzia scabra var. scabra,アジサイ科,Deutzia,落葉,広葉樹,単葉,対生,,,入力支援候補。公開前に要確認
deutzia-maximovicziana,ウラジロウツギ,Deutzia maximovicziana,アジサイ科,Deutzia,落葉,広葉樹,単葉,,,,入力支援候補。公開前に要確認
cleyera-japonica,サカキ,Cleyera japonica,サカキ科,Cleyera,常緑,広葉樹,単葉,,全縁,なし,入力支援候補。公開前に要確認
ternstroemia-gymnanthera,モッコク,Ternstroemia gymnanthera,サカキ科,Ternstroemia,常緑,広葉樹,単葉,,,,入力支援候補。公開前に要確認
eurya-japonica-var-japonica,ヒサカキ,Eurya japonica var. japonica,サカキ科,Eurya,常緑,広葉樹,単葉,互生,鋸歯縁,あり,入力支援候補。公開前に要確認
eurya-emarginata,ハマヒサカキ,Eurya emarginata,サカキ科,Dios,常緑;落葉,広葉樹,単葉,互生,鋸歯縁,あり,入力支援候補。公開前に要確認
diospyros-kaki,カキノキ,Diospyros kaki,カキノキ科,Diospyros,落葉,広葉樹,単葉,互生,全縁,なし,入力支援候補。公開前に要確認
diospyros-lotus-var-laevis,マメガキ,Diospyros lotus var. laevis,カキノキ科,Diospyros,落葉,広葉樹,単葉,互生,,,入力支援候補。公開前に要確認
diospyros-japonica,リュウキュウマメガキ,Diospyros japonica,カキノキ科,Diospyros,落葉,広葉樹,単葉,互生,全縁,なし,入力支援候補。公開前に要確認
diospyros-morrisiana,トキワガキ,Diospyros morrisiana,カキノキ科,Diospyros,常緑,広葉樹,単葉,,全縁,なし,入力支援候補。公開前に要確認
maesa-japonica,イズセンリョウ,Maesa japonica,サクラソウ科,Maesa,常緑,広葉樹,単葉,互生,全縁;鋸歯縁,あり,入力支援候補。公開前に要確認
ardisia-japonica,ヤブコウジ,Ardisia japonica,サクラソウ科,Ardisia,常緑,広葉樹,単葉,対生,,,入力支援候補。公開前に要確認
ardisia-crenata,マンリョウ,Ardisia crenata,サクラソウ科,Ardisia,常緑,広葉樹,単葉,互生,鋸歯縁,あり,入力支援候補。公開前に要確認
ardisia-crispa,カラタチバナ,Ardisia crispa,サクラソウ科,Ardisia/Myrsine,常緑,広葉樹,単葉,互生,鋸歯縁,あり,入力支援候補。公開前に要確認
myrsine-seguinii,タイミンタチパナ,Myrsine seguinii,サクラソウ科,Myrsine,常緑,広葉樹,単葉,互生,全縁,なし,入力支援候補。公開前に要確認
camellia-sasanqua,サザンカ,Camellia sasanqua,ツバキ科,Camellia,常緑,広葉樹,単葉,,鋸歯縁,あり,入力支援候補。公開前に要確認
camellia-japonica,ヤプツバキ,Camellia japonica,ツバキ科,Camellia,常緑,広葉樹,単葉,互生,鋸歯縁,あり,入力支援候補。公開前に要確認
camellia-rusticana,ユキツパキ,Camellia rusticana,ツバキ科,Camellia,常緑,広葉樹,単葉,互生,鋸歯縁,あり,入力支援候補。公開前に要確認
polyspora-axillaris,タイワンツバキ,Polyspora axillaris,ツバキ科,Polyspora/Gordonia,常緑,広葉樹,単葉,,鋸歯縁,あり,入力支援候補。公開前に要確認
stewartia-pseudocamellia,ナツツバキ,Stewartia pseudocamellia,ツバキ科,Stewartia,落葉,広葉樹,単葉,互生,鋸歯縁,あり,入力支援候補。公開前に要確認
stewartia-monadelpha,ヒメシャラ,Stewartia monadelpha,ツバキ科,Stewartia,落葉,広葉樹,単葉,,,,入力支援候補。公開前に要確認
symplocos-myrtacea,ハイノキ,Symplocos myrtacea,ハイノキ科,Symplocos,常緑;落葉,広葉樹,単葉,互生,鋸歯縁,あり,入力支援候補。公開前に要確認
symplocos-prunifolia,クロバイ,Symplocos prunifolia,ハイノキ科,Symplocos,常緑,広葉樹,単葉,,鋸歯縁,あり,入力支援候補。公開前に要確認
symplocos-kuroki,クロキ,Symplocos kuroki,ハイノキ科,Symplocos,常緑,広葉樹,単葉,互生,鋸歯縁,あり,入力支援候補。公開前に要確認
symplocos-lancifolia,シロパイ,Symplocos lancifolia,ハイノキ科,Symplocos,常緑,広葉樹,単葉,,,,入力支援候補。公開前に要確認
symplocos-glauca,ミミズバイ,Symplocos glauca,ハイノキ科,Symplocos,常緑,広葉樹,単葉,互生,鋸歯縁,あり,入力支援候補。公開前に要確認
symplocos-theophrastifolia,カンザブロウノキ,Symplocos theophrastifolia,ハイノキ科,Symplocos,常緑,広葉樹,単葉,互生,鋸歯縁,あり,入力支援候補。公開前に要確認
symplocos-sawafutagi,サワフタギ,Symplocos sawafutagi,ハイノキ科,Symplocos,落葉,広葉樹,単葉,互生,,,入力支援候補。公開前に要確認
symplocos-coreana,タンナサワフタギ,Symplocos coreana,ハイノキ科,Symplocos,落葉,広葉樹,単葉,,鋸歯縁,あり,入力支援候補。公開前に要確認
symplocos-paniculata,クロミノニシゴリ,Symplocos paniculata,ハイノキ科,Symplocos,落葉,広葉樹,単葉,互生,,,入力支援候補。公開前に要確認
styrax-japonicus,エゴノキ,Styrax japonicus,エゴノキ科,Styrax,落葉,広葉樹,単葉,,全縁;鋸歯縁,あり,入力支援候補。公開前に要確認
styrax-obassia,ハクウンボク,Styrax obassia,エゴノキ科,Styrax,落葉,広葉樹,単葉,互生,鋸歯縁,あり,入力支援候補。公開前に要確認
styrax-shiraianus,コハクウンボク,Styrax shiraianus,エゴノキ科,Styrax,落葉,広葉樹,単葉,,鋸歯縁,あり,入力支援候補。公開前に要確認
pterostyrax-hispidus,オオバアサガラ,Pterostyrax hispidus,エゴノキ科,Pterostyrax,落葉,広葉樹,単葉,,,,入力支援候補。公開前に要確認
pterostyrax-corymbosus,アサガラ,Pterostyrax corymbosus,エゴノキ科,Pterostyrax,落葉,広葉樹,単葉,,鋸歯縁,あり,入力支援候補。公開前に要確認
actinidia-polygama,マタタビ,Actinidia polygama,マタタビ科,Actinidia,落葉,広葉樹,単葉,互生,,,入力支援候補。公開前に要確認
actinidia-arguta-var-arguta,サルナシ,Actinidia arguta var. arguta,マタタビ科,Actinidia,落葉,広葉樹,単葉,,鋸歯縁,あり,入力支援候補。公開前に要確認
actinidia-kolomikta,ミヤママタタビ,Actinidia kolomikta,マタタビ科,Actinidia,,広葉樹,単葉,互生,,,入力支援候補。公開前に要確認
actinidia-chinensis-var-deliciosa,キウイフルーツ,Actinidia chinensis var. deliciosa,マタタビ科,Actinidia,落葉,広葉樹,単葉,互生,,,入力支援候補。公開前に要確認
clethra-barbinervis,リョウブ,Clethra barbinervis,リョウブ科,Clethra,落葉,広葉樹,単葉,互生,鋸歯縁,あり,入力支援候補。公開前に要確認
rhododendron-japonoheptamerum-var-hondoense,シャクナグ,?????????????Rhododendron japonoheptamerum var hondoense,ツツジ科,Rhododendron,常緑,広葉樹,単葉,互生,全縁,なし,入力支援候補。公開前に要確認
rhododendron-degronianum,アズマシャクナゲ,Rhododendron degronianum,ツツジ科,,常緑,広葉樹,単葉,,,,入力支援候補。公開前に要確認
rhododendron-brachycarpum,ハクサンシャクナゲ,Rhododendron brachycarpum,ツツジ科,Rhododendron,常緑,針葉樹,単葉,互生,全縁,なし,入力支援候補。公開前に要確認
rhododendron-keiskei,ヒカゲツツジ,Rhododendron keiskei,ツツジ科,Rhododendron,常緑,広葉樹,単葉,,全縁,なし,入力支援候補。公開前に要確認
rhododendron-dilatatum-subsp-dilatatum-var-dilatatum,ミツパツツジ,??????????????Rhododendron dilatatum subsp dilatatum var dilatatum,ツツジ科,Rhododendron,落葉,広葉樹,単葉,互生,全縁,なし,入力支援候補。公開前に要確認
rhododendron-reticulatum,コバノミツパツツジ,Rhododendron reticulatum,ツツジ科,Rhododendron,落葉,広葉樹,単葉,,鋸歯縁,あり,入力支援候補。公開前に要確認
rhododendron-wadanum,トウゴクミツバツツジ,Rhododendron wadanum,ツツジ科,Rhododendron,落葉,広葉樹,単葉,,全縁,なし,入力支援候補。公開前に要確認
rhododendron-lagopus-var-lagopus,ダイセンミツバツツジ,Rhododendron lagopus var. lagopus,ツツジ科,Rhododendron,落葉,広葉樹,単葉,,全縁;鋸歯縁,あり,入力支援候補。公開前に要確認
rhododendron-nudipes,サイゴクミツバツツジ,Rhododendron nudipes,ツツジ科,Rhododendron,落葉,広葉樹,単葉,互生,全縁,なし,入力支援候補。公開前に要確認
rhododendron-weyrichii,オンツツジ,Rhododendron weyrichii,ツツジ科,Rhododendron,落葉,広葉樹,単葉,互生,,,入力支援候補。公開前に要確認
rhododendron-kaempferi-var-kaempferi,ヤマツツジ,Rhododendron kaempferi var. kaempferi,ツツジ科,Rhododendron,常緑;落葉,広葉樹,単葉,互生,全縁,なし,入力支援候補。公開前に要確認
rhododendron-macrosepalum,モチツツジ,Rhododendron macrosepalum,ツツジ科,Rhododendron,常緑,広葉樹,単葉,,,,入力支援候補。公開前に要確認
rhododendron-kiusianum,ミヤマキリシマ,Rhododendron kiusianum,ツツジ科,Rhododendron,常緑,広葉樹,単葉,互生,全縁,なし,入力支援候補。公開前に要確認
rhododendron-indicum,サツキ,Rhododendron indicum,ツツジ科,Rhododendron,常緑;落葉,広葉樹,単葉,,,,入力支援候補。公開前に要確認
rhododendron-ripense,キシツツジ,Rhododendron ripense,ツツジ科,Rhododendron,常緑,広葉樹,単葉,互生,全縁,なし,入力支援候補。公開前に要確認
rhododendron-serpyllifolium,ウンゼンツツジ,Rhododendron serpyllifolium,ツツジ科,Rhododendron,常緑,広葉樹,単葉,,,,入力支援候補。公開前に要確認
rhododendron-molle-subsp-japonicum,レンゲツツジ,Rhododendron molle subsp. japonicum,ツツジ科,Rhododendron,落葉,広葉樹,単葉,互生,全縁,なし,入力支援候補。公開前に要確認
rhododendron-nipponicum,オオバツツジ,Rhododendron nipponicum,ツツジ科,Rhododendron,落葉,広葉樹,単葉,,,,入力支援候補。公開前に要確認
rhododendron-albrechtii,ムラサキヤシオ,???????????????Rhododendron albrechtii,ツツジ科,Rhododendron,落葉,広葉樹,単葉,互生,鋸歯縁,あり,入力支援候補。公開前に要確認
rhododendron-pentaphyllum-var-nikoense,アカヤシオ,Rhododendron pentaphyllum var. nikoense,ツツジ科,Rhododendron,落葉,広葉樹,単葉,,,,入力支援候補。公開前に要確認
rhododendron-semibarbatum,バイカツツジ,Rhododendron semibarbatum,ツツジ科,Rhododendron,常緑;落葉,広葉樹,単葉,,鋸歯縁,あり,入力支援候補。公開前に要確認
rhododendron-mucronulatum-var-ciliatum,ゲンカイツツジ,Rhododendron mucronulatum var. ciliatum,ツツジ科,Rhododendron,常緑;落葉,広葉樹,単葉,互生,,,入力支援候補。公開前に要確認
rhododendron-multiflorum,ウラジロヨウラク,Rhododendron multiflorum,ツツジ科,Rhododendron,落葉,広葉樹,単葉,互生,全縁,なし,入力支援候補。公開前に要確認
rhododendron-benhallii,ウスギヨウラク,Rhododendron benhallii,ツツジ科,Rhododendron,落葉,広葉樹,単葉,,,,入力支援候補。公開前に要確認
elliottia-paniculata,ホツツジ,Elliottia paniculata,ツツジ科,Elliottia,落葉,広葉樹,単葉,互生,,,入力支援候補。公開前に要確認
lyonia-ovalifolia-var-elliptica,ネジキ,Lyonia ovalifolia var. elliptica,ツツジ科,Lyonia,落葉,広葉樹,単葉,互生,,,入力支援候補。公開前に要確認
enkianthus-perulatus,ドウダンツツジ,Enkianthus perulatus,ツツジ科,Enkianthus,,広葉樹,単葉,,鋸歯縁,あり,入力支援候補。公開前に要確認
enkianthus-cernuus-f-rubens,ベニドウダン,Enkianthus cernuus f. rubens,ツツジ科,Enkianthus,落葉,広葉樹,単葉,,鋸歯縁,あり,入力支援候補。公開前に要確認
enkianthus-campanulatus,サラサドウダン,Enkianthus campanulatus,ツツジ科,Enkianthus,落葉,広葉樹,単葉,,,,入力支援候補。公開前に要確認
enkianthus-subsessilis,アブラツツジ,Enkianthus subsessilis,ツツジ科,Enkianthus,落葉,広葉樹,単葉,,,,入力支援候補。公開前に要確認
eubotryoides-grayana-var-grayana,ハナヒリノキ,Eubotryoides grayana var. grayana,ツツジ科,Eubotryoides,落葉,広葉樹,単葉,互生,全縁;鋸歯縁,あり,入力支援候補。公開前に要確認
leucothoe-keiskei,イワナンテン,Leucothoe keiskei,ツツジ科,Leucothoe,常緑,広葉樹,単葉,,,,入力支援候補。公開前に要確認
vaccinium-smallii-var-glabrum,スノキ,Vaccinium smallii var. glabrum,ツツジ科,Vaccinium,落葉,広葉樹,単葉,互生,,,入力支援候補。公開前に要確認
vaccinium-hirtum-var-pubescens,ウスノキ,Vaccinium hirtum var. pubescens,ツツジ科,Vaccinium,落葉,広葉樹,単葉,,鋸歯縁,あり,入力支援候補。公開前に要確認
vaccinium-oldhamii,ナツハゼ,Vaccinium oldhamii,ツツジ科,Vaccinium,落葉,広葉樹,単葉,互生,鋸歯縁,あり,入力支援候補。公開前に要確認
vaccinium-ciliatum,アラゲナツハゼ,Vaccinium ciliatum,ツツジ科,Vaccinium,落葉,広葉樹,単葉,互生,,,入力支援候補。公開前に要確認
vaccinium-bracteatum,シャシャンボ,Vaccinium bracteatum,ツツジ科,Vaccinium,常緑,広葉樹,単葉,互生,,,入力支援候補。公開前に要確認
vaccinium-vitis-idaea,コケモモ,Vaccinium vitis-idaea,ツツジ科,Vaccinium/Gaultheria,常緑,広葉樹,単葉,,鋸歯縁,あり,入力支援候補。公開前に要確認
chimaphila-japonica,ウメガサンウ,Chimaphila japonica,ツツジ科,Chimaphila/Epigaea,常緑,広葉樹,単葉,互生;対生,鋸歯縁,あり,入力支援候補。公開前に要確認
pieris-japonica-subsp-japonica,アセビ,Pieris japonica subsp. japonica,ツツジ科,Pleris,常緑,広葉樹,単葉,,,,入力支援候補。公開前に要確認
arbutus-unedo,イチゴノキ,Arbutus unedo,ツツジ科,Arbutus/Erica,常緑,針葉樹,単葉,輪生,,,入力支援候補。公開前に要確認
hosiea-japonica,クロタキカズラ,Hosiea japonica,クロタキカズラ科,Hosiea/Eucommiaceae,,広葉樹,単葉,,,,入力支援候補。公開前に要確認
aucuba-japonica,アオキ,Aucuba japonica,アオキ科,Aucuba,常緑,広葉樹,単葉,対生,鋸歯縁,あり,入力支援候補。公開前に要確認
uncaria-rhynchophylla,カギカズラ,Uncaria rhynchophylla,アカネ科,Uncaria,常緑,広葉樹,単葉,,全縁,なし,入力支援候補。公開前に要確認
gardenia-jasminoides,クチナシ,Gardenia jasminoides,アカネ科,Gardenia,常緑,広葉樹,単葉,対生;輪生,全縁,なし,入力支援候補。公開前に要確認
gardenia-jasminoides-var-radicans,コクチナシ,Gardenia jasminoides var. radicans,アカネ科,Gardenia/Adina,常緑,広葉樹,単葉,対生;輪生,,,入力支援候補。公開前に要確認
lasianthus-japonicus,ルリミノキ,Lasianthus japonicus,アカネ科,Lasianthus,常緑,広葉樹,単葉,対生,,,入力支援候補。公開前に要確認
aidia-henryi,ミサオノキ,Aidia henryi,アカネ科,Aidia,常緑,広葉樹,単葉,,,,入力支援候補。公開前に要確認
damnacanthus-indicus-var-indicus,アリドオシ,Damnacanthus indicus var. indicus,アカネ科,Damnacanthus,常緑,広葉樹,単葉,対生,全縁,なし,入力支援候補。公開前に要確認
damnacanthus-macrophyllus,ジュズネノキ,Damnacanthus macrophyllus,アカネ科,Damnacanthus,常緑,広葉樹,単葉,,,,入力支援候補。公開前に要確認
serissa-japonica,ハクチョウゲ,Serissa japonica,アカネ科,Serissa/Paederia,常緑;落葉,広葉樹,単葉,対生,全縁,なし,入力支援候補。公開前に要確認
leptodermis-pulchella,シチョウゲ,Leptodermis pulchella,アカネ科,Leptodermis/Mussaenda,常緑;落葉,広葉樹,単葉,,全縁,なし,入力支援候補。公開前に要確認
gardneria-nutans,ホウライカズラ,Gardneria nutans,マチン科,Gardneria,常緑,広葉樹,単葉,,全縁,なし,入力支援候補。公開前に要確認
gelsemium-sempervirens,カロライナジャスミン,Gelsemium sempervirens,ゲルセミウム科,Gelsemium/Apocymaceae,常緑,広葉樹,単葉,,,,入力支援候補。公開前に要確認
trachelospermum-asiaticum-var-asiaticum,テイカカズラ,Trachelospermum asiaticum var. asiaticum,キョウチクトウ科,Trachelospermum,常緑,広葉樹,単葉,対生,全縁,なし,入力支援候補。公開前に要確認
marsdenia-tomentosa,キジョラン,Marsdenia tomentosa,キョウチクトウ科,Marsdenia/Jasminanthes,常緑,広葉樹,単葉,対生,,,入力支援候補。公開前に要確認
nerium-oleander-var-indicum,キョウチクトウ,Nerium oleander var. indicum,キョウチクトウ科,Nerium,常緑,広葉樹,単葉,対生;輪生,全縁,なし,入力支援候補。公開前に要確認
ehretia-acuminata-var-obovata,チシャノキ,Ehretia acuminata var. obovata,ムラサキ科,Ehretia,落葉,広葉樹,単葉,,鋸歯縁,あり,入力支援候補。公開前に要確認
ehretia-dicksonii,マルバチシャノキ,Ehretia dicksonii,ムラサキ科,Ehretia,落葉,広葉樹,単葉,互生,鋸歯縁,あり,入力支援候補。公開前に要確認
brunfelsia-latifolia,ニオイバンマツリ,Brunfelsia latifolia,ナス科,Brunfelsia/Lycium,常緑;落葉,広葉樹,単葉,互生,全縁,なし,入力支援候補。公開前に要確認
solanum-pseudocapsicum-var-pseudocapsicum,タマサンゴ,Solanum pseudocapsicum var. pseudocapsicum,ナス科,Solanum,常緑,広葉樹,単葉,互生,,,入力支援候補。公開前に要確認
fraxinus-mandshurica,ヤチダモ,Fraxinus mandshurica,モクセイ科,Fraxinus,落葉,広葉樹,羽状複葉,,鋸歯縁,あり,入力支援候補。公開前に要確認
fraxinus-platypoda,シオジ,Fraxinus platypoda,モクセイ科,Fraxinus,落葉,広葉樹,羽状複葉,,鋸歯縁,あり,入力支援候補。公開前に要確認
fraxinus-japonica,トネリコ,Fraxinus japonica,モクセイ科,Fraxinus,落葉,広葉樹,羽状複葉,対生,,,入力支援候補。公開前に要確認
fraxinus-longicuspis,ヤマトアオダモ,Fraxinus longicuspis,モクセイ科,Fraxinus,落葉,広葉樹,羽状複葉,対生,鋸歯縁,あり,入力支援候補。公開前に要確認
fraxinus-lanuginosa-f-serrata,アオダモ,Fraxinus lanuginosa f. serrata,モクセイ科,Fraxinus,落葉,広葉樹,羽状複葉,対生,鋸歯縁,あり,入力支援候補。公開前に要確認
fraxinus-sieboldiana,マルパアオダモ,Fraxinus sieboldiana,モクセイ科,Fraxinus,落葉,広葉樹,羽状複葉,,,,入力支援候補。公開前に要確認
fraxinus-apertisquamifera,ミヤマアオダモ,Fraxinus apertisquamifera,モクセイ科,Fraxinus,落葉,広葉樹,羽状複葉,,,,入力支援候補。公開前に要確認
fraxinus-griffithii,シマトネリコ,Fraxinus griffithii,モクセイ科,Fraxinus,常緑,広葉樹,羽状複葉,,全縁,なし,入力支援候補。公開前に要確認
jasminum-mesnyi,ウンナンオウバイ,Jasminum mesnyi,,,常緑;落葉,,三出複葉,対生,全縁,なし,入力支援候補。公開前に要確認
forsythia-viridissima,シナレンギョウ,Forsythia viridissima,モクセイ科,Forsythia,落葉,広葉樹,単葉,,全縁;鋸歯縁,あり,入力支援候補。公開前に要確認
forsythia-suspensa,レンギョウ,Forsythia suspensa,モクセイ科,Forsythia,落葉,広葉樹,単葉,対生,,,入力支援候補。公開前に要確認
syringa-reticulata,ハシドイ,Syringa reticulata,モクセイ科,Syringa,落葉,広葉樹,単葉,,全縁,なし,入力支援候補。公開前に要確認
chionanthus-retusus,ヒトツパタゴ,Chionanthus retusus,モクセイ科,Chionanthus,落葉,広葉樹,単葉,,鋸歯縁,あり,入力支援候補。公開前に要確認
ligustrum-obtusifolium,イボタノキ,Ligustrum obtusifolium,モクセイ科,Ligustrum,常緑;落葉,広葉樹,単葉,対生,全縁,なし,入力支援候補。公開前に要確認
ligustrum-tschonoskii,ミヤマイボタ,Ligustrum tschonoskii,モクセイ科,Ligustrum,常緑;落葉,広葉樹,単葉,対生,全縁,なし,入力支援候補。公開前に要確認
ligustrum-ibota,サイゴクイボタ,Ligustrum ibota,モクセイ科,Ligustrum,落葉,広葉樹,単葉,対生,全縁,なし,入力支援候補。公開前に要確認
ligustrum-ovalifolium,オオバイボタ,Ligustrum ovalifolium,モクセイ科,Ligustrum,常緑,広葉樹,単葉,,,,入力支援候補。公開前に要確認
ligustrum-japonicum,ネズミモチ,Ligustrum japonicum,モクセイ科,Ligustrum,常緑,広葉樹,単葉,対生,全縁,なし,入力支援候補。公開前に要確認
ligustrum-lucidum,トウネズミモチ,Ligustrum lucidum,モクセイ科,Ligustrum/Olea,常緑,広葉樹,単葉,対生,,,入力支援候補。公開前に要確認
osmanthus-fragrans,モクセイ,Osmanthus fragrans,モクセイ科,Osmanthus,常緑,広葉樹,単葉,対生,全縁;鋸歯縁,あり,入力支援候補。公開前に要確認
osmanthus-heterophyllus,ヒイラギ,Osmanthus heterophyllus,モクセイ科,Osmanthus,常緑,広葉樹,単葉,,全縁;鋸歯縁,あり,入力支援候補。公開前に要確認
osmanthus-insularis,シマモクセイ,Osmanthus insularis,モクセイ科,Osmanthus/Abeliophyllum,常緑;落葉,広葉樹,単葉,対生,全縁,なし,入力支援候補。公開前に要確認
buddleja-japonica,フジウツギ,Buddleja japonica,ゴマノハグサ科,Buddleia,,広葉樹,単葉,,鋸歯縁,あり,入力支援候補。公開前に要確認
buddleja-davidii,フサフジウツギ,Buddleja davidii,ゴマノハグサ科,Buddleja,落葉,広葉樹,単葉,対生,鋸歯縁,あり,入力支援候補。公開前に要確認
callicarpa-japonica,ムラサキシキブ,Callicarpa japonica,シソ科,Callicarpa,落葉,広葉樹,単葉,対生,,,入力支援候補。公開前に要確認
callicarpa-mollis,ヤブムラサキ,Callicarpa mollis,シソ科,Callicarpa,落葉,広葉樹,単葉,対生,鋸歯縁,あり,入力支援候補。公開前に要確認
callicarpa-kochiana,ビロードムラサキ,Callicarpa kochiana,シソ科,Callicarpa,常緑,広葉樹,単葉,対生,鋸歯縁,あり,入力支援候補。公開前に要確認
callicarpa-shikokiana,トサムラサキ,Callicarpa shikokiana,シソ科,Callicarpa/Premna,落葉,広葉樹,単葉,対生,鋸歯縁,あり,入力支援候補。公開前に要確認
clerodendrum-trichotomum-var-trichotomum,クサギ,Clerodendrum trichotomum var. trichotomum,シソ科,Clerodendrum,落葉,広葉樹,単葉,対生,鋸歯縁,あり,入力支援候補。公開前に要確認
clerodendrum-bungei,ボタンクサギ,Clerodendrum bungei,シソ科,Vitex,落葉,広葉樹,単葉,対生,鋸歯縁,あり,入力支援候補。公開前に要確認
vitex-negundo-var-cannabifolia,ニンジンボク,Vitex negundo var. cannabifolia,シソ科,Vitex,常緑;落葉,広葉樹,単葉,対生,,,入力支援候補。公開前に要確認
paulownia-tomentosa,キリ,Paulownia tomentosa,キリ科,Paulownia,落葉,広葉樹,単葉,対生,鋸歯縁,あり,入力支援候補。公開前に要確認
catalpa-ovata,キササゲ,Catalpa ovata,ノウゼンカズラ科,Catalpa,落葉,広葉樹,単葉,対生;輪生,,,入力支援候補。公開前に要確認
catalpa-bignonioides,アメリカキササゲ,Catalpa bignonioides,ノウゼンカズラ科,Catalpa,落葉,広葉樹,単葉,対生;輪生,全縁,なし,入力支援候補。公開前に要確認
campsis-grandiflora,ノウゼンカズラ,Campsis grandiflora,ノウゼンカズラ科,Campsis,落葉,広葉樹,羽状複葉,対生,,,入力支援候補。公開前に要確認
campsis-radicans,アメリカノウゼンカズラ,Campsis radicans,ノウゼンカズラ科,Campsis/Verbenaceae,常緑;落葉,広葉樹,羽状複葉;単葉,対生,鋸歯縁,あり,入力支援候補。公開前に要確認
lantana-camara-subsp-aculeata,シチヘンゲ,Lantana camara subsp. aculeata,クマツヅラ科,Lantana,常緑,広葉樹,単葉,対生,,,入力支援候補。公開前に要確認
helwingia-japonica,ハナイカダ,Helwingia japonica,ハナイカダ科,Helwingia,落葉,広葉樹,単葉,,,,入力支援候補。公開前に要確認
ilex-macropoda,アオハダ,Ilex macropoda,モチノキ科,,落葉,広葉樹,単葉,互生,鋸歯縁,あり,入力支援候補。公開前に要確認
ilex-serrata,ウメモドキ,Ilex serrata,モチノキ科,,落葉,広葉樹,単葉,,鋸歯縁,あり,入力支援候補。公開前に要確認
ilex-geniculata,フウリンウメモドキ,Ilex geniculata,モチノキ科,,落葉,広葉樹,単葉,,鋸歯縁,あり,入力支援候補。公開前に要確認
ilex-pedunculosa,ソヨゴ,Ilex pedunculosa,モチノキ科,,常緑;落葉,広葉樹,単葉,,,,入力支援候補。公開前に要確認
ilex-integra,モチノキ,Ilex integra,モチノキ科,,常緑,広葉樹,単葉,互生,全縁,なし,入力支援候補。公開前に要確認
ilex-rotunda,クロガネモチ,Ilex rotunda,モチノキ科,,常緑,広葉樹,単葉,,,,入力支援候補。公開前に要確認
ilex-leucoclada,ヒメモチ,Ilex leucoclada,モチノキ科,,常緑,広葉樹,単葉,,全縁,なし,入力支援候補。公開前に要確認
ilex-chinensis,ナナミノキ,Ilex chinensis,モチノキ科,,常緑,広葉樹,単葉,,鋸歯縁,あり,入力支援候補。公開前に要確認
ilex-crenata-var-crenata,イヌツゲ,Ilex crenata var. crenata,モチノキ科,,常緑,広葉樹,単葉,,,,入力支援候補。公開前に要確認
ilex-sugerokii-var-sugerokii,クロソヨゴ,Ilex sugerokii var. sugerokii,モチノキ科,,常緑,広葉樹,単葉,互生,鋸歯縁,あり,入力支援候補。公開前に要確認
pertya-scandens,コウヤボウキ,Pertya scandens,キク科,Pertya,落葉,広葉樹,単葉,互生,鋸歯縁,あり,入力支援候補。公開前に要確認
viburnum-dilatatum,ガマズミ,Viburnum dilatatum,ガマズミ科,Viburnum,落葉,広葉樹,単葉,対生,,,入力支援候補。公開前に要確認
viburnum-wrightii,ミヤマガマズミ,Viburnum wrightii,ガマズミ科,Viburnum,落葉,広葉樹,単葉,,,,入力支援候補。公開前に要確認
viburnum-erosum,コバノガマズミ,Viburnum erosum,ガマズミ科,Viburnum,落葉,広葉樹,単葉,対生,,,入力支援候補。公開前に要確認
viburnum-phlebotrichum,オトコヨウゾメ,Viburnum phlebotrichum,ガマズミ科,Viburnum,落葉,広葉樹,単葉,,,,入力支援候補。公開前に要確認
viburnum-urceolatum,ヤマシグレ,Viburnum urceolatum,ガマズミ科,Viburnum,落葉,広葉樹,単葉,対生,,,入力支援候補。公開前に要確認
viburnum-carlesii-var-bitchiuense,チョウジガマズミ,Viburnum carlesii var. bitchiuense,ガマズミ科,Viburnum,落葉,広葉樹,単葉,,鋸歯縁,あり,入力支援候補。公開前に要確認
viburnum-plicatum-var-tomentosum,ヤブデマリ,Viburnum plicatum var. tomentosum,ガマズミ科,Viburnum,落葉,広葉樹,単葉,,鋸歯縁,あり,入力支援候補。公開前に要確認
viburnum-plicatum-var-parvifolium,コヤブデマリ,Viburnum plicatum var. parvifolium,ガマズミ科,Viburnum,落葉,広葉樹,単葉,,鋸歯縁,あり,入力支援候補。公開前に要確認
viburnum-furcatum,オオカメノキ,Viburnum furcatum,ガマズミ科,Viburnum,落葉,広葉樹,単葉,対生,鋸歯縁,あり,入力支援候補。公開前に要確認
viburnum-sieboldii,ゴマキ,Viburnum sieboldii,ガマズミ科,Viburnum,落葉,広葉樹,単葉,対生,,,入力支援候補。公開前に要確認
viburnum-odoratissimum-var-awabuki,サンゴジユ,Viburnum odoratissimum var. awabuki,ガマズミ科,Viburnum,常緑,広葉樹,単葉,対生,鋸歯縁,あり,入力支援候補。公開前に要確認
viburnum-japonicum,ハクサンボク,Viburnum japonicum,ガマズミ科,Viburnum,常緑,広葉樹,単葉,,鋸歯縁,あり,入力支援候補。公開前に要確認
viburnum-opulus-var-sargentii,カンボク,Viburnum opulus var. sargentii,ガマズミ科,Viburnum,落葉,広葉樹,単葉,対生,全縁;鋸歯縁,あり,入力支援候補。公開前に要確認
sambucus-racemosa-subsp-sieboldiana,ニワトコ,Sambucus racemosa subsp. sieboldiana,ガマズミ科,Sambucus,落葉,広葉樹,羽状複葉,対生,鋸歯縁,あり,入力支援候補。公開前に要確認
lonicera-japonica,スイカズラ,Lonicera japonica,スイカズラ科,Lonicera,常緑;落葉,広葉樹,単葉,対生,全縁,なし,入力支援候補。公開前に要確認
lonicera-affinis,ハマニンドウ,Lonicera affinis,スイカズラ科,Lonicera,常緑;落葉,広葉樹,単葉,,全縁,なし,入力支援候補。公開前に要確認
lonicera-gracilipes-var-glabra,ウグイスカグラ,Lonicera gracilipes var. glabra,スイカズラ科,Lonicera,落葉,広葉樹,単葉,対生,全縁,なし,入力支援候補。公開前に要確認
lonicera-ramosissima-var-ramosissima,コウグイスカグラ,Lonicera ramosissima var. ramosissima,スイカズラ科,Lonicera,落葉,広葉樹,単葉,対生,,,入力支援候補。公開前に要確認
lonicera-morrowii,キンギンボク,Lonicera morrowii,スイカズラ科,Lonicera,落葉,広葉樹,単葉,,全縁,なし,入力支援候補。公開前に要確認
lonicera-mochidzukiana-var-mochidzukiana,ニッコウヒョウタンボク,Lonicera mochidzukiana var. mochidzukiana,スイカズラ科,Lonicera,落葉,広葉樹,単葉,対生,,,入力支援候補。公開前に要確認
lonicera-vidalii,オニヒョウタンボク,Lonicera vidalii,スイカズラ科,Lonicera,落葉,広葉樹,単葉,,全縁,なし,入力支援候補。公開前に要確認
lonicera-strophiophora,アラゲヒョウタンボク,Lonicera strophiophora,スイカズラ科,Lonicera,,広葉樹,単葉,,全縁,なし,入力支援候補。公開前に要確認
lonicera-sempervirens,ツキヌキニンドウ,Lonicera sempervirens,スイカズラ科,Lonicera,常緑,広葉樹,単葉,対生,全縁,なし,入力支援候補。公開前に要確認
zabelia-integrifolia,イワツクバネウツギ,Zabelia integrifolia,スイカズラ科,Zabelia/Kolkwitzia,落葉,広葉樹,単葉,,鋸歯縁,あり,入力支援候補。公開前に要確認
abelia-grandiflora,ハナゾノツクバネウツギ,Abelia grandiflora,スイカズラ科,Abelia,常緑;落葉,広葉樹,単葉,対生,全縁;鋸歯縁,あり,入力支援候補。公開前に要確認
abelia-spathulata,ツクバネウツギ,Abelia spathulata,スイカズラ科,Abelia,落葉,広葉樹,単葉,,,,入力支援候補。公開前に要確認
weigela-hortensis,タニウツギ,Weigela hortensis,スイカズラ科,Weigela,落葉,広葉樹,単葉,対生,,,入力支援候補。公開前に要確認
weigela-coraeensis,ハコネウツギ,Weigela coraeensis,スイカズラ科,Weigela,落葉,広葉樹,単葉,,鋸歯縁,あり,入力支援候補。公開前に要確認
weigela-decora,ニシキウツギ,Weigela decora,スイカズラ科,Weigela,落葉,広葉樹,単葉,対生,鋸歯縁,あり,入力支援候補。公開前に要確認
weigela-floribunda,ヤブウツギ,Weigela floribunda,スイカズラ科,Weigela,落葉,広葉樹,単葉,,鋸歯縁,あり,入力支援候補。公開前に要確認
weigela-maximowiczii,キバナウツギ,Weigela maximowiczii,スイカズラ科,Weigela,落葉,広葉樹,単葉,,,,入力支援候補。公開前に要確認
weigela-florida,オオベニウツギ,Weigela florida,スイカズラ科,Weigela/Pittosporaceae,常緑;落葉,広葉樹,単葉,互生,,,入力支援候補。公開前に要確認
pittosporum-tobira,トベラ,Pittosporum tobira,トベラ科,Pittosporum,常緑,広葉樹,単葉,,,,入力支援候補。公開前に要確認
heptapleurum-arboricola,ヤドリフカノキ,Heptapleurum arboricola,ウコギ科,Scheffflera,常緑,広葉樹,単葉,互生,全縁,なし,入力支援候補。公開前に要確認
eleutherococcus-spinosus-var-spinosus,ヤマウコギ,Eleutherococcus spinosus var. spinosus,ウコギ科,Eleutherococcus,落葉,広葉樹,単葉,,鋸歯縁,あり,入力支援候補。公開前に要確認
eleutherococcus-trichodon,ミヤマウコギ,Eleutherococcus trichodon,ウコギ科,Eleutheroccus,落葉,広葉樹,単葉,,鋸歯縁,あり,入力支援候補。公開前に要確認
eleutherococcus-divaricatus,ケヤマウコギ,Eleutherococcus divaricatus,ウコギ科,Eleutherococcus,落葉,広葉樹,単葉,,,,入力支援候補。公開前に要確認
eleutherococcus-hypoleucus,ウラジロウコギ,Eleutherococcus hypoleucus,ウコギ科,Eleutherococcus,落葉,広葉樹,単葉,互生,,,入力支援候補。公開前に要確認
chengiopanax-sciadophylloides,コシアブラ,Chengiopanax sciadophylloides,ウコギ科,Chengiopanax,落葉,広葉樹,単葉,互生,鋸歯縁,あり,入力支援候補。公開前に要確認
gamblea-innovans,タカノツメ,Gamblea innovans,ウコギ科,Gamblea,落葉,広葉樹,三出複葉,互生,鋸歯縁,あり,入力支援候補。公開前に要確認
kalopanax-septemlobus,ハリギリ,Kalopanax septemlobus,ウコギ科,Kalopanax,落葉,広葉樹,単葉,互生,,,入力支援候補。公開前に要確認
oplopanax-japonicus,ハリブキ,Oplopanax japonicus,ウコギ科,Oplopanax,落葉,広葉樹,単葉,,鋸歯縁,あり,入力支援候補。公開前に要確認
fatsia-japonica,ヤツデ,Fatsia japonica,ウコギ科,Fatsia,常緑,広葉樹,単葉,互生,鋸歯縁,あり,入力支援候補。公開前に要確認
tetrapanax-papyrifer,カミヤツデ,Tetrapanax papyrifer,ウコギ科,Tetrapanax,常緑;落葉,広葉樹,単葉,互生,鋸歯縁,あり,入力支援候補。公開前に要確認
hedera-rhombea,キヅタ,Hedera rhombea,ウコギ科,Hedera,常緑,広葉樹,単葉,互生,全縁,なし,入力支援候補。公開前に要確認
hedera-helix,セイヨウキヅタ,Hedera helix,ウコギ科,Hedera,常緑,広葉樹,単葉,互生,,,入力支援候補。公開前に要確認
dendropanax-trifidus,カクレミノ,Dendropanax trifidus,ウコギ科,Dendropanax,常緑,広葉樹,単葉,互生,全縁;掌状裂,なし,入力支援候補。公開前に要確認
aralia-elata,タラノキ,Aralia elata,ウコギ科,,落葉,広葉樹,羽状複葉,,鋸歯縁,あり,入力支援候補。公開前に要確認
